Name,First Name,Title,Company,LinkedIn URL,Segment,Connection Request,DM Message
"Matt Murphy","Matt","Global CCO","72andSunny","https://www.linkedin.com/in/mattmurphy/","agency_cco","Hi Matt — saw you're on the Cannes Lions programme. We're running Indvstry Power House, a private villa with AV studio + no-pitch policy. Great for client sessions, roundtables or recordings. Private dinner 23 Jun + fringe RSVP service.","Hi Matt,

We are running Indvstry Power House during Cannes Lions week — a private villa with dedicated AV and content capture facilities, daily shuttles to La Croisette, and a strict no-pitch policy.

For agency creative leaders on the programme, the space works well as a studio: somewhere to record a session, host a small client roundtable, or simply have a real conversation away from the Palais.

We are also hosting a private Diaspora Dinner on 23rd June for a select group of senior creatives, and running a fringe event RSVP concierge — 2,500+ events that week, we handle the registrations.

Worth a quick word?

Amber Jacobs | Community Manager, Indvstry Clvb"
"Pelle Sjoenell","Pelle","Former Worldwide CCO (Droga5)","Accenture Song","https://www.linkedin.com/in/pellesjoenell/","agency_cco","Hi Pelle — saw you're on the Cannes Lions programme. We're running Indvstry Power House, a private villa with AV studio + no-pitch policy. Great for client sessions, roundtables or recordings. Private dinner 23 Jun + fringe RSVP service.","Hi Pelle,

We are running Indvstry Power House during Cannes Lions week — a private villa with dedicated AV and content capture facilities, daily shuttles to La Croisette, and a strict no-pitch policy.

For agency creative leaders on the programme, the space works well as a studio: somewhere to record a session, host a small client roundtable, or simply have a real conversation away from the Palais.

We are also hosting a private Diaspora Dinner on 23rd June for a select group of senior creatives, and running a fringe event RSVP concierge — 2,500+ events that week, we handle the registrations.

Worth a quick word?

Amber Jacobs | Community Manager, Indvstry Clvb"
"Danni Pinch","Danni","Executive Creative Director","Accenture Song","https://www.linkedin.com/in/dannipinch/","tech_data","Hi Danni — saw you're on the Cannes Lions programme this year. We're running Indvstry Power House, a private villa — no-pitch, AV studio, neutral briefing space. Private dinner 23 Jun + fringe RSVP service. Worth connecting.","Hi Danni,

We are running Indvstry Power House during Cannes Lions week — a private villa with daily shuttles to La Croisette, AV facilities, and a strictly no-pitch environment.

For data and technology leaders at Cannes, having genuinely neutral ground — away from branded beach activations — makes a real difference when you need honest client conversations. The space is available for private briefings throughout the week.

We are also hosting a private Diaspora Dinner on 23rd June and running a fringe event concierge — 2,500+ events that week, we handle the RSVPs so you do not miss the ones worth attending.

Happy to share more.

Amber Jacobs | Community Manager, Indvstry Clvb"
"Ikuko Ohta","Ikuko","Chief Strategy Officer","Droga5 Tokyo (Accenture Song)","https://www.linkedin.com/in/ikuko-ohta-33161320/","agency_cso","Hi Ikuko — saw you're speaking at Cannes Lions this year. We're running Indvstry Power House, a private villa — no-pitch zone, content studio, private dinner 23 Jun + fringe event RSVP service for guests. Would love to connect.","Hi Ikuko,

We are running Indvstry Power House during Cannes Lions week — a private villa with daily shuttles to La Croisette, content facilities, and a no-pitch policy. A number of strategy leaders on this year's programme are using it for private client sessions and off-schedule conversations.

We are also hosting a private Diaspora Dinner on 23rd June — a small group of senior agency and brand leaders, entirely off the official schedule.

And a useful extra: we run a fringe event RSVP concierge for guests — with 2,500+ events that week, we handle registrations so you do not miss the ones that matter.

Happy to share more.

Amber Jacobs | Community Manager, Indvstry Clvb"
"Damon Stapleton","Damon","Chief Creative Officer","Droga5 ANZ","https://www.linkedin.com/in/damonstapleton/","agency_cco","Hi Damon — saw you're on the Cannes Lions programme. We're running Indvstry Power House, a private villa with AV studio + no-pitch policy. Great for client sessions, roundtables or recordings. Private dinner 23 Jun + fringe RSVP service.","Hi Damon,

We are running Indvstry Power House during Cannes Lions week — a private villa with dedicated AV and content capture facilities, daily shuttles to La Croisette, and a strict no-pitch policy.

For agency creative leaders on the programme, the space works well as a studio: somewhere to record a session, host a small client roundtable, or simply have a real conversation away from the Palais.

We are also hosting a private Diaspora Dinner on 23rd June for a select group of senior creatives, and running a fringe event RSVP concierge — 2,500+ events that week, we handle the registrations.

Worth a quick word?

Amber Jacobs | Community Manager, Indvstry Clvb"
"Brisa Vicente","Brisa","Co-CEO","Droga5 São Paulo","https://www.linkedin.com/in/brisavicente/","network_ceo","Hi Brisa — saw you're on the Cannes Lions programme this year. We're running Indvstry Power House, a private villa during festival week — no-pitch, AV studio, private dinner 23 Jun + fringe event RSVP service. Worth connecting.","Hi Brisa,

We are running Indvstry Power House during Cannes Lions week — a private villa with daily shuttles to La Croisette, content facilities, and a no-pitch policy. Several agency network leaders are using the space for private client sessions and off-schedule conversations away from the Palais.

We are also hosting a private Diaspora Dinner on Tuesday 23rd June — a small, curated group of senior industry leaders entirely off the official schedule.

One more thing: we run a fringe event RSVP concierge for guests. With 2,500+ events that week, we handle the registrations so the right ones are confirmed without the admin.

Happy to share more.

Amber Jacobs | Community Manager, Indvstry Clvb"
"Tim Devine","Tim","Chief Invention Officer","AKQA","https://www.linkedin.com/in/timdevine/","agency_cco","Hi Tim — saw you're on the Cannes Lions programme. We're running Indvstry Power House, a private villa with AV studio + no-pitch policy. Great for client sessions, roundtables or recordings. Private dinner 23 Jun + fringe RSVP service.","Hi Tim,

We are running Indvstry Power House during Cannes Lions week — a private villa with dedicated AV and content capture facilities, daily shuttles to La Croisette, and a strict no-pitch policy.

For agency creative leaders on the programme, the space works well as a studio: somewhere to record a session, host a small client roundtable, or simply have a real conversation away from the Palais.

We are also hosting a private Diaspora Dinner on 23rd June for a select group of senior creatives, and running a fringe event RSVP concierge — 2,500+ events that week, we handle the registrations.

Worth a quick word?

Amber Jacobs | Community Manager, Indvstry Clvb"
"Marcel Marcondes","Marcel","Global CMO","AB InBev","https://www.linkedin.com/in/marcel-marcondes/","cmo_brand","Hi Marcel — saw you're speaking at Cannes Lions this year. We're running Indvstry Power House, a private villa at Cannes — no-pitch zone, client briefing space, private dinner 23 Jun + fringe RSVP service. Worth connecting.","Hi Marcel,

We are running Indvstry Power House during Cannes Lions week — a private villa with daily shuttles to La Croisette, AV facilities, and a strictly no-pitch, no-branded environment.

For CMOs on the programme, the space works particularly well as neutral ground for client and agency conversations — a proper room away from beach clubs and Palais chaos.

We are also hosting a private Diaspora Dinner on 23rd June and running a fringe event RSVP concierge — over 2,500 events that week, we handle registrations so you show up to the ones that matter.

Happy to share more.

Amber Jacobs | Community Manager, Indvstry Clvb"
"Virginie Bercot","Virginie","Global Brand Director","AXA","https://www.linkedin.com/in/virginiebercot/","tech_data","Hi Virginie — saw you're on the Cannes Lions programme this year. We're running Indvstry Power House, a private villa — no-pitch, AV studio, neutral briefing space. Private dinner 23 Jun + fringe RSVP service. Worth connecting.","Hi Virginie,

We are running Indvstry Power House during Cannes Lions week — a private villa with daily shuttles to La Croisette, AV facilities, and a strictly no-pitch environment.

For data and technology leaders at Cannes, having genuinely neutral ground — away from branded beach activations — makes a real difference when you need honest client conversations. The space is available for private briefings throughout the week.

We are also hosting a private Diaspora Dinner on 23rd June and running a fringe event concierge — 2,500+ events that week, we handle the RSVPs so you do not miss the ones worth attending.

Happy to share more.

Amber Jacobs | Community Manager, Indvstry Clvb"
"Chris Beresford-Hill","Chris","Worldwide CCO","BBDO Worldwide","https://www.linkedin.com/in/chrisberesfordhill/","agency_cco","Hi Chris — saw you're on the Cannes Lions programme. We're running Indvstry Power House, a private villa with AV studio + no-pitch policy. Great for client sessions, roundtables or recordings. Private dinner 23 Jun + fringe RSVP service.","Hi Chris,

We are running Indvstry Power House during Cannes Lions week — a private villa with dedicated AV and content capture facilities, daily shuttles to La Croisette, and a strict no-pitch policy.

For agency creative leaders on the programme, the space works well as a studio: somewhere to record a session, host a small client roundtable, or simply have a real conversation away from the Palais.

We are also hosting a private Diaspora Dinner on 23rd June for a select group of senior creatives, and running a fringe event RSVP concierge — 2,500+ events that week, we handle the registrations.

Worth a quick word?

Amber Jacobs | Community Manager, Indvstry Clvb"
"Josh Gross","Josh","Chief Creative Officer","BBDO Chicago","https://www.linkedin.com/in/joshgross/","agency_cco","Hi Josh — saw you're on the Cannes Lions programme. We're running Indvstry Power House, a private villa with AV studio + no-pitch policy. Great for client sessions, roundtables or recordings. Private dinner 23 Jun + fringe RSVP service.","Hi Josh,

We are running Indvstry Power House during Cannes Lions week — a private villa with dedicated AV and content capture facilities, daily shuttles to La Croisette, and a strict no-pitch policy.

For agency creative leaders on the programme, the space works well as a studio: somewhere to record a session, host a small client roundtable, or simply have a real conversation away from the Palais.

We are also hosting a private Diaspora Dinner on 23rd June for a select group of senior creatives, and running a fringe event RSVP concierge — 2,500+ events that week, we handle the registrations.

Worth a quick word?

Amber Jacobs | Community Manager, Indvstry Clvb"
"Rana Sadek","Rana","Senior Creative Director","Impact BBDO Dubai","https://www.linkedin.com/in/ranasadek/","tech_data","Hi Rana — saw you're on the Cannes Lions programme this year. We're running Indvstry Power House, a private villa — no-pitch, AV studio, neutral briefing space. Private dinner 23 Jun + fringe RSVP service. Worth connecting.","Hi Rana,

We are running Indvstry Power House during Cannes Lions week — a private villa with daily shuttles to La Croisette, AV facilities, and a strictly no-pitch environment.

For data and technology leaders at Cannes, having genuinely neutral ground — away from branded beach activations — makes a real difference when you need honest client conversations. The space is available for private briefings throughout the week.

We are also hosting a private Diaspora Dinner on 23rd June and running a fringe event concierge — 2,500+ events that week, we handle the RSVPs so you do not miss the ones worth attending.

Happy to share more.

Amber Jacobs | Community Manager, Indvstry Clvb"
"Bertille Toledano","Bertille","CEO & President","BETC and Havas Creative Network","https://www.linkedin.com/in/bertille-toledano-63303623/","network_ceo","Hi Bertille — saw you're on the Cannes Lions programme this year. We're running Indvstry Power House, a private villa during festival week — no-pitch, AV studio, private dinner 23 Jun + fringe event RSVP service. Worth connecting.","Hi Bertille,

We are running Indvstry Power House during Cannes Lions week — a private villa with daily shuttles to La Croisette, content facilities, and a no-pitch policy. Several agency network leaders are using the space for private client sessions and off-schedule conversations away from the Palais.

We are also hosting a private Diaspora Dinner on Tuesday 23rd June — a small, curated group of senior industry leaders entirely off the official schedule.

One more thing: we run a fringe event RSVP concierge for guests. With 2,500+ events that week, we handle the registrations so the right ones are confirmed without the admin.

Happy to share more.

Amber Jacobs | Community Manager, Indvstry Clvb"
"Emma Lax","Emma","Global Head of Intelligence & Innovation","Havas Creative Network","https://www.linkedin.com/in/emmalax/","agency_cco","Hi Emma — saw you're on the Cannes Lions programme. We're running Indvstry Power House, a private villa with AV studio + no-pitch policy. Great for client sessions, roundtables or recordings. Private dinner 23 Jun + fringe RSVP service.","Hi Emma,

We are running Indvstry Power House during Cannes Lions week — a private villa with dedicated AV and content capture facilities, daily shuttles to La Croisette, and a strict no-pitch policy.

For agency creative leaders on the programme, the space works well as a studio: somewhere to record a session, host a small client roundtable, or simply have a real conversation away from the Palais.

We are also hosting a private Diaspora Dinner on 23rd June for a select group of senior creatives, and running a fringe event RSVP concierge — 2,500+ events that week, we handle the registrations.

Worth a quick word?

Amber Jacobs | Community Manager, Indvstry Clvb"
"Lili Jiang","Lili","Executive Creative Director","Cheil Hong Kong","https://www.linkedin.com/in/lilijiang/","tech_data","Hi Lili — saw you're on the Cannes Lions programme this year. We're running Indvstry Power House, a private villa — no-pitch, AV studio, neutral briefing space. Private dinner 23 Jun + fringe RSVP service. Worth connecting.","Hi Lili,

We are running Indvstry Power House during Cannes Lions week — a private villa with daily shuttles to La Croisette, AV facilities, and a strictly no-pitch environment.

For data and technology leaders at Cannes, having genuinely neutral ground — away from branded beach activations — makes a real difference when you need honest client conversations. The space is available for private briefings throughout the week.

We are also hosting a private Diaspora Dinner on 23rd June and running a fringe event concierge — 2,500+ events that week, we handle the RSVPs so you do not miss the ones worth attending.

Happy to share more.

Amber Jacobs | Community Manager, Indvstry Clvb"
"Amy Weston","Amy","Executive Creative Director","Clemenger BBDO","https://www.linkedin.com/in/amy-weston-8588521/","tech_data","Hi Amy — saw you're on the Cannes Lions programme this year. We're running Indvstry Power House, a private villa — no-pitch, AV studio, neutral briefing space. Private dinner 23 Jun + fringe RSVP service. Worth connecting.","Hi Amy,

We are running Indvstry Power House during Cannes Lions week — a private villa with daily shuttles to La Croisette, AV facilities, and a strictly no-pitch environment.

For data and technology leaders at Cannes, having genuinely neutral ground — away from branded beach activations — makes a real difference when you need honest client conversations. The space is available for private briefings throughout the week.

We are also hosting a private Diaspora Dinner on 23rd June and running a fringe event concierge — 2,500+ events that week, we handle the RSVPs so you do not miss the ones worth attending.

Happy to share more.

Amber Jacobs | Community Manager, Indvstry Clvb"
"Islam ElDessouky","Islam","Global VP Creative","The Coca-Cola Company","https://www.linkedin.com/in/islameldessouky/","cmo_brand","Hi Islam — saw you're speaking at Cannes Lions this year. We're running Indvstry Power House, a private villa at Cannes — no-pitch zone, client briefing space, private dinner 23 Jun + fringe RSVP service. Worth connecting.","Hi Islam,

We are running Indvstry Power House during Cannes Lions week — a private villa with daily shuttles to La Croisette, AV facilities, and a strictly no-pitch, no-branded environment.

For CMOs on the programme, the space works particularly well as neutral ground for client and agency conversations — a proper room away from beach clubs and Palais chaos.

We are also hosting a private Diaspora Dinner on 23rd June and running a fringe event RSVP concierge — over 2,500 events that week, we handle registrations so you show up to the ones that matter.

Happy to share more.

Amber Jacobs | Community Manager, Indvstry Clvb"
"AP Chaney","AP","Senior Director, Creative","The Coca-Cola Company","https://www.linkedin.com/in/apchaney/","tech_data","Hi AP — saw you're on the Cannes Lions programme this year. We're running Indvstry Power House, a private villa — no-pitch, AV studio, neutral briefing space. Private dinner 23 Jun + fringe RSVP service. Worth connecting.","Hi AP,

We are running Indvstry Power House during Cannes Lions week — a private villa with daily shuttles to La Croisette, AV facilities, and a strictly no-pitch environment.

For data and technology leaders at Cannes, having genuinely neutral ground — away from branded beach activations — makes a real difference when you need honest client conversations. The space is available for private briefings throughout the week.

We are also hosting a private Diaspora Dinner on 23rd June and running a fringe event concierge — 2,500+ events that week, we handle the RSVPs so you do not miss the ones worth attending.

Happy to share more.

Amber Jacobs | Community Manager, Indvstry Clvb"
"Matt Gay","Matt","Executive Creative Director","adam&eveDDB","https://www.linkedin.com/in/mattgay/","tech_data","Hi Matt — saw you're on the Cannes Lions programme this year. We're running Indvstry Power House, a private villa — no-pitch, AV studio, neutral briefing space. Private dinner 23 Jun + fringe RSVP service. Worth connecting.","Hi Matt,

We are running Indvstry Power House during Cannes Lions week — a private villa with daily shuttles to La Croisette, AV facilities, and a strictly no-pitch environment.

For data and technology leaders at Cannes, having genuinely neutral ground — away from branded beach activations — makes a real difference when you need honest client conversations. The space is available for private briefings throughout the week.

We are also hosting a private Diaspora Dinner on 23rd June and running a fringe event concierge — 2,500+ events that week, we handle the RSVPs so you do not miss the ones worth attending.

Happy to share more.

Amber Jacobs | Community Manager, Indvstry Clvb"
"Lorena Berges","Lorena","Creative Director","DDB Latina Puerto Rico","https://www.linkedin.com/in/lorenaberges/","tech_data","Hi Lorena — saw you're on the Cannes Lions programme this year. We're running Indvstry Power House, a private villa — no-pitch, AV studio, neutral briefing space. Private dinner 23 Jun + fringe RSVP service. Worth connecting.","Hi Lorena,

We are running Indvstry Power House during Cannes Lions week — a private villa with daily shuttles to La Croisette, AV facilities, and a strictly no-pitch environment.

For data and technology leaders at Cannes, having genuinely neutral ground — away from branded beach activations — makes a real difference when you need honest client conversations. The space is available for private briefings throughout the week.

We are also hosting a private Diaspora Dinner on 23rd June and running a fringe event concierge — 2,500+ events that week, we handle the RSVPs so you do not miss the ones worth attending.

Happy to share more.

Amber Jacobs | Community Manager, Indvstry Clvb"
"Sergio Franco Tosso","Sergio","Chief Creative Officer","Fahrenheit DDB","https://www.linkedin.com/in/sergiofrancotosso/","agency_cco","Hi Sergio — saw you're on the Cannes Lions programme. We're running Indvstry Power House, a private villa with AV studio + no-pitch policy. Great for client sessions, roundtables or recordings. Private dinner 23 Jun + fringe RSVP service.","Hi Sergio,

We are running Indvstry Power House during Cannes Lions week — a private villa with dedicated AV and content capture facilities, daily shuttles to La Croisette, and a strict no-pitch policy.

For agency creative leaders on the programme, the space works well as a studio: somewhere to record a session, host a small client roundtable, or simply have a real conversation away from the Palais.

We are also hosting a private Diaspora Dinner on 23rd June for a select group of senior creatives, and running a fringe event RSVP concierge — 2,500+ events that week, we handle the registrations.

Worth a quick word?

Amber Jacobs | Community Manager, Indvstry Clvb"
"Virginie Briand","Virginie","Partner","Deloitte","https://www.linkedin.com/in/virginiebriand/","agency_cco","Hi Virginie — saw you're on the Cannes Lions programme. We're running Indvstry Power House, a private villa with AV studio + no-pitch policy. Great for client sessions, roundtables or recordings. Private dinner 23 Jun + fringe RSVP service.","Hi Virginie,

We are running Indvstry Power House during Cannes Lions week — a private villa with dedicated AV and content capture facilities, daily shuttles to La Croisette, and a strict no-pitch policy.

For agency creative leaders on the programme, the space works well as a studio: somewhere to record a session, host a small client roundtable, or simply have a real conversation away from the Palais.

We are also hosting a private Diaspora Dinner on 23rd June for a select group of senior creatives, and running a fringe event RSVP concierge — 2,500+ events that week, we handle the registrations.

Worth a quick word?

Amber Jacobs | Community Manager, Indvstry Clvb"
"Kazuhiro Shimura","Kazuhiro","Executive Creative Director","Dentsu Inc.","https://www.linkedin.com/in/kazuhiro-shimura-99321526/","tech_data","Hi Kazuhiro — saw you're on the Cannes Lions programme this year. We're running Indvstry Power House, a private villa — no-pitch, AV studio, neutral briefing space. Private dinner 23 Jun + fringe RSVP service. Worth connecting.","Hi Kazuhiro,

We are running Indvstry Power House during Cannes Lions week — a private villa with daily shuttles to La Croisette, AV facilities, and a strictly no-pitch environment.

For data and technology leaders at Cannes, having genuinely neutral ground — away from branded beach activations — makes a real difference when you need honest client conversations. The space is available for private briefings throughout the week.

We are also hosting a private Diaspora Dinner on 23rd June and running a fringe event concierge — 2,500+ events that week, we handle the RSVPs so you do not miss the ones worth attending.

Happy to share more.

Amber Jacobs | Community Manager, Indvstry Clvb"
"Jean Lin","Jean","Global Chief Brand Officer","Dentsu Group Inc.","https://www.linkedin.com/in/jean-lin-24329215/","agency_cco","Hi Jean — saw you're on the Cannes Lions programme. We're running Indvstry Power House, a private villa with AV studio + no-pitch policy. Great for client sessions, roundtables or recordings. Private dinner 23 Jun + fringe RSVP service.","Hi Jean,

We are running Indvstry Power House during Cannes Lions week — a private villa with dedicated AV and content capture facilities, daily shuttles to La Croisette, and a strict no-pitch policy.

For agency creative leaders on the programme, the space works well as a studio: somewhere to record a session, host a small client roundtable, or simply have a real conversation away from the Palais.

We are also hosting a private Diaspora Dinner on 23rd June for a select group of senior creatives, and running a fringe event RSVP concierge — 2,500+ events that week, we handle the registrations.

Worth a quick word?

Amber Jacobs | Community Manager, Indvstry Clvb"
"Andres Arlia","Andres","Executive Creative Director","Dentsu Creative","https://www.linkedin.com/in/andresarlia/","tech_data","Hi Andres — saw you're on the Cannes Lions programme this year. We're running Indvstry Power House, a private villa — no-pitch, AV studio, neutral briefing space. Private dinner 23 Jun + fringe RSVP service. Worth connecting.","Hi Andres,

We are running Indvstry Power House during Cannes Lions week — a private villa with daily shuttles to La Croisette, AV facilities, and a strictly no-pitch environment.

For data and technology leaders at Cannes, having genuinely neutral ground — away from branded beach activations — makes a real difference when you need honest client conversations. The space is available for private briefings throughout the week.

We are also hosting a private Diaspora Dinner on 23rd June and running a fringe event concierge — 2,500+ events that week, we handle the RSVPs so you do not miss the ones worth attending.

Happy to share more.

Amber Jacobs | Community Manager, Indvstry Clvb"
"Defri Dwipaputra","Defri","Chief Creative Experience Officer","Dentsu Creative","https://www.linkedin.com/in/defridwipaputra/","agency_cco","Hi Defri — saw you're on the Cannes Lions programme. We're running Indvstry Power House, a private villa with AV studio + no-pitch policy. Great for client sessions, roundtables or recordings. Private dinner 23 Jun + fringe RSVP service.","Hi Defri,

We are running Indvstry Power House during Cannes Lions week — a private villa with dedicated AV and content capture facilities, daily shuttles to La Croisette, and a strict no-pitch policy.

For agency creative leaders on the programme, the space works well as a studio: somewhere to record a session, host a small client roundtable, or simply have a real conversation away from the Palais.

We are also hosting a private Diaspora Dinner on 23rd June for a select group of senior creatives, and running a fringe event RSVP concierge — 2,500+ events that week, we handle the registrations.

Worth a quick word?

Amber Jacobs | Community Manager, Indvstry Clvb"
"Gurbaksh Singh","Gurbaksh","Chief Creative Officer","Dentsu Creative","https://www.linkedin.com/in/gurbakshsingh/","agency_cco","Hi Gurbaksh — saw you're on the Cannes Lions programme. We're running Indvstry Power House, a private villa with AV studio + no-pitch policy. Great for client sessions, roundtables or recordings. Private dinner 23 Jun + fringe RSVP service.","Hi Gurbaksh,

We are running Indvstry Power House during Cannes Lions week — a private villa with dedicated AV and content capture facilities, daily shuttles to La Croisette, and a strict no-pitch policy.

For agency creative leaders on the programme, the space works well as a studio: somewhere to record a session, host a small client roundtable, or simply have a real conversation away from the Palais.

We are also hosting a private Diaspora Dinner on 23rd June for a select group of senior creatives, and running a fringe event RSVP concierge — 2,500+ events that week, we handle the registrations.

Worth a quick word?

Amber Jacobs | Community Manager, Indvstry Clvb"
"Alice Chou","Alice","Chief Creative Officer","Dentsu Creative Taiwan","https://www.linkedin.com/in/alicechou/","agency_cco","Hi Alice — saw you're on the Cannes Lions programme. We're running Indvstry Power House, a private villa with AV studio + no-pitch policy. Great for client sessions, roundtables or recordings. Private dinner 23 Jun + fringe RSVP service.","Hi Alice,

We are running Indvstry Power House during Cannes Lions week — a private villa with dedicated AV and content capture facilities, daily shuttles to La Croisette, and a strict no-pitch policy.

For agency creative leaders on the programme, the space works well as a studio: somewhere to record a session, host a small client roundtable, or simply have a real conversation away from the Palais.

We are also hosting a private Diaspora Dinner on 23rd June for a select group of senior creatives, and running a fringe event RSVP concierge — 2,500+ events that week, we handle the registrations.

Worth a quick word?

Amber Jacobs | Community Manager, Indvstry Clvb"
"Boris Nihom","Boris","CEO","Dentsu Benelux","https://www.linkedin.com/in/borisnihom/","network_ceo","Hi Boris — saw you're on the Cannes Lions programme this year. We're running Indvstry Power House, a private villa during festival week — no-pitch, AV studio, private dinner 23 Jun + fringe event RSVP service. Worth connecting.","Hi Boris,

We are running Indvstry Power House during Cannes Lions week — a private villa with daily shuttles to La Croisette, content facilities, and a no-pitch policy. Several agency network leaders are using the space for private client sessions and off-schedule conversations away from the Palais.

We are also hosting a private Diaspora Dinner on Tuesday 23rd June — a small, curated group of senior industry leaders entirely off the official schedule.

One more thing: we run a fringe event RSVP concierge for guests. With 2,500+ events that week, we handle the registrations so the right ones are confirmed without the admin.

Happy to share more.

Amber Jacobs | Community Manager, Indvstry Clvb"
"Ayu Sasaki","Ayu","Executive Creative Director","Dentsu Inc.","https://www.linkedin.com/in/ayu-sasaki-33161320/","tech_data","Hi Ayu — saw you're on the Cannes Lions programme this year. We're running Indvstry Power House, a private villa — no-pitch, AV studio, neutral briefing space. Private dinner 23 Jun + fringe RSVP service. Worth connecting.","Hi Ayu,

We are running Indvstry Power House during Cannes Lions week — a private villa with daily shuttles to La Croisette, AV facilities, and a strictly no-pitch environment.

For data and technology leaders at Cannes, having genuinely neutral ground — away from branded beach activations — makes a real difference when you need honest client conversations. The space is available for private briefings throughout the week.

We are also hosting a private Diaspora Dinner on 23rd June and running a fringe event concierge — 2,500+ events that week, we handle the RSVPs so you do not miss the ones worth attending.

Happy to share more.

Amber Jacobs | Community Manager, Indvstry Clvb"
"Hiroyuki Kato","Hiroyuki","Creative Director","Dentsu Inc.","https://www.linkedin.com/in/hiroyukikato/","tech_data","Hi Hiroyuki — saw you're on the Cannes Lions programme this year. We're running Indvstry Power House, a private villa — no-pitch, AV studio, neutral briefing space. Private dinner 23 Jun + fringe RSVP service. Worth connecting.","Hi Hiroyuki,

We are running Indvstry Power House during Cannes Lions week — a private villa with daily shuttles to La Croisette, AV facilities, and a strictly no-pitch environment.

For data and technology leaders at Cannes, having genuinely neutral ground — away from branded beach activations — makes a real difference when you need honest client conversations. The space is available for private briefings throughout the week.

We are also hosting a private Diaspora Dinner on 23rd June and running a fringe event concierge — 2,500+ events that week, we handle the RSVPs so you do not miss the ones worth attending.

Happy to share more.

Amber Jacobs | Community Manager, Indvstry Clvb"
"Melody Li","Melody","SVP Business Development","Dentsu Sports International","https://www.linkedin.com/in/melodyli8/","agency_cco","Hi Melody — saw you're on the Cannes Lions programme. We're running Indvstry Power House, a private villa with AV studio + no-pitch policy. Great for client sessions, roundtables or recordings. Private dinner 23 Jun + fringe RSVP service.","Hi Melody,

We are running Indvstry Power House during Cannes Lions week — a private villa with dedicated AV and content capture facilities, daily shuttles to La Croisette, and a strict no-pitch policy.

For agency creative leaders on the programme, the space works well as a studio: somewhere to record a session, host a small client roundtable, or simply have a real conversation away from the Palais.

We are also hosting a private Diaspora Dinner on 23rd June for a select group of senior creatives, and running a fringe event RSVP concierge — 2,500+ events that week, we handle the registrations.

Worth a quick word?

Amber Jacobs | Community Manager, Indvstry Clvb"
"Greg Quinton","Greg","Chief Creative Officer","Design Bridge and Partners","https://www.linkedin.com/in/gregquinton/","agency_cco","Hi Greg — saw you're on the Cannes Lions programme. We're running Indvstry Power House, a private villa with AV studio + no-pitch policy. Great for client sessions, roundtables or recordings. Private dinner 23 Jun + fringe RSVP service.","Hi Greg,

We are running Indvstry Power House during Cannes Lions week — a private villa with dedicated AV and content capture facilities, daily shuttles to La Croisette, and a strict no-pitch policy.

For agency creative leaders on the programme, the space works well as a studio: somewhere to record a session, host a small client roundtable, or simply have a real conversation away from the Palais.

We are also hosting a private Diaspora Dinner on 23rd June for a select group of senior creatives, and running a fringe event RSVP concierge — 2,500+ events that week, we handle the registrations.

Worth a quick word?

Amber Jacobs | Community Manager, Indvstry Clvb"
"Sophie Kelly","Sophie","SVP, Global Tequila and Mezcal","Diageo","https://www.linkedin.com/in/sophiekelly/","agency_cco","Hi Sophie — saw you're on the Cannes Lions programme. We're running Indvstry Power House, a private villa with AV studio + no-pitch policy. Great for client sessions, roundtables or recordings. Private dinner 23 Jun + fringe RSVP service.","Hi Sophie,

We are running Indvstry Power House during Cannes Lions week — a private villa with dedicated AV and content capture facilities, daily shuttles to La Croisette, and a strict no-pitch policy.

For agency creative leaders on the programme, the space works well as a studio: somewhere to record a session, host a small client roundtable, or simply have a real conversation away from the Palais.

We are also hosting a private Diaspora Dinner on 23rd June for a select group of senior creatives, and running a fringe event RSVP concierge — 2,500+ events that week, we handle the registrations.

Worth a quick word?

Amber Jacobs | Community Manager, Indvstry Clvb"
"Oriane Canfrin","Oriane","Head of Marketing and Communication","Ecobank","https://www.linkedin.com/in/orianecanfrin/","cmo_brand","Hi Oriane — saw you're speaking at Cannes Lions this year. We're running Indvstry Power House, a private villa at Cannes — no-pitch zone, client briefing space, private dinner 23 Jun + fringe RSVP service. Worth connecting.","Hi Oriane,

We are running Indvstry Power House during Cannes Lions week — a private villa with daily shuttles to La Croisette, AV facilities, and a strictly no-pitch, no-branded environment.

For CMOs on the programme, the space works particularly well as neutral ground for client and agency conversations — a proper room away from beach clubs and Palais chaos.

We are also hosting a private Diaspora Dinner on 23rd June and running a fringe event RSVP concierge — over 2,500 events that week, we handle registrations so you show up to the ones that matter.

Happy to share more.

Amber Jacobs | Community Manager, Indvstry Clvb"
"Tanja Grubner","Tanja","Global Marketing Director","Essity","https://www.linkedin.com/in/tanjagrubner/","tech_data","Hi Tanja — saw you're on the Cannes Lions programme this year. We're running Indvstry Power House, a private villa — no-pitch, AV studio, neutral briefing space. Private dinner 23 Jun + fringe RSVP service. Worth connecting.","Hi Tanja,

We are running Indvstry Power House during Cannes Lions week — a private villa with daily shuttles to La Croisette, AV facilities, and a strictly no-pitch environment.

For data and technology leaders at Cannes, having genuinely neutral ground — away from branded beach activations — makes a real difference when you need honest client conversations. The space is available for private briefings throughout the week.

We are also hosting a private Diaspora Dinner on 23rd June and running a fringe event concierge — 2,500+ events that week, we handle the RSVPs so you do not miss the ones worth attending.

Happy to share more.

Amber Jacobs | Community Manager, Indvstry Clvb"
"Phil Camarota","Phil","Chief Creative Officer","Flywheel","https://www.linkedin.com/in/philcamarota/","agency_cco","Hi Phil — saw you're on the Cannes Lions programme. We're running Indvstry Power House, a private villa with AV studio + no-pitch policy. Great for client sessions, roundtables or recordings. Private dinner 23 Jun + fringe RSVP service.","Hi Phil,

We are running Indvstry Power House during Cannes Lions week — a private villa with dedicated AV and content capture facilities, daily shuttles to La Croisette, and a strict no-pitch policy.

For agency creative leaders on the programme, the space works well as a studio: somewhere to record a session, host a small client roundtable, or simply have a real conversation away from the Palais.

We are also hosting a private Diaspora Dinner on 23rd June for a select group of senior creatives, and running a fringe event RSVP concierge — 2,500+ events that week, we handle the registrations.

Worth a quick word?

Amber Jacobs | Community Manager, Indvstry Clvb"
"Sophia Lindholm","Sophia","Head of Creative","Forsman & Bodenfors Sweden","https://www.linkedin.com/in/sophialindholm/","agency_cco","Hi Sophia — saw you're on the Cannes Lions programme. We're running Indvstry Power House, a private villa with AV studio + no-pitch policy. Great for client sessions, roundtables or recordings. Private dinner 23 Jun + fringe RSVP service.","Hi Sophia,

We are running Indvstry Power House during Cannes Lions week — a private villa with dedicated AV and content capture facilities, daily shuttles to La Croisette, and a strict no-pitch policy.

For agency creative leaders on the programme, the space works well as a studio: somewhere to record a session, host a small client roundtable, or simply have a real conversation away from the Palais.

We are also hosting a private Diaspora Dinner on 23rd June for a select group of senior creatives, and running a fringe event RSVP concierge — 2,500+ events that week, we handle the registrations.

Worth a quick word?

Amber Jacobs | Community Manager, Indvstry Clvb"
"KK Walker","KK","Executive Creative Director","Google","https://www.linkedin.com/in/kkwalker/","tech_data","Hi KK — saw you're on the Cannes Lions programme this year. We're running Indvstry Power House, a private villa — no-pitch, AV studio, neutral briefing space. Private dinner 23 Jun + fringe RSVP service. Worth connecting.","Hi KK,

We are running Indvstry Power House during Cannes Lions week — a private villa with daily shuttles to La Croisette, AV facilities, and a strictly no-pitch environment.

For data and technology leaders at Cannes, having genuinely neutral ground — away from branded beach activations — makes a real difference when you need honest client conversations. The space is available for private briefings throughout the week.

We are also hosting a private Diaspora Dinner on 23rd June and running a fringe event concierge — 2,500+ events that week, we handle the RSVPs so you do not miss the ones worth attending.

Happy to share more.

Amber Jacobs | Community Manager, Indvstry Clvb"
"Thanh Anh Nguyen","Thanh","Head of Marketing and Commercial","Grab","https://www.linkedin.com/in/thanhanhnguyen/","cmo_brand","Hi Thanh — saw you're speaking at Cannes Lions this year. We're running Indvstry Power House, a private villa at Cannes — no-pitch zone, client briefing space, private dinner 23 Jun + fringe RSVP service. Worth connecting.","Hi Thanh,

We are running Indvstry Power House during Cannes Lions week — a private villa with daily shuttles to La Croisette, AV facilities, and a strictly no-pitch, no-branded environment.

For CMOs on the programme, the space works particularly well as neutral ground for client and agency conversations — a proper room away from beach clubs and Palais chaos.

We are also hosting a private Diaspora Dinner on 23rd June and running a fringe event RSVP concierge — over 2,500 events that week, we handle registrations so you show up to the ones that matter.

Happy to share more.

Amber Jacobs | Community Manager, Indvstry Clvb"
"Helen Rhodes","Helen","Chief Creative Officer","Grey London","https://www.linkedin.com/in/helen-rhodes-19195b1/","agency_cco","Hi Helen — saw you're on the Cannes Lions programme. We're running Indvstry Power House, a private villa with AV studio + no-pitch policy. Great for client sessions, roundtables or recordings. Private dinner 23 Jun + fringe RSVP service.","Hi Helen,

We are running Indvstry Power House during Cannes Lions week — a private villa with dedicated AV and content capture facilities, daily shuttles to La Croisette, and a strict no-pitch policy.

For agency creative leaders on the programme, the space works well as a studio: somewhere to record a session, host a small client roundtable, or simply have a real conversation away from the Palais.

We are also hosting a private Diaspora Dinner on 23rd June for a select group of senior creatives, and running a fringe event RSVP concierge — 2,500+ events that week, we handle the registrations.

Worth a quick word?

Amber Jacobs | Community Manager, Indvstry Clvb"
"Alexis Ospina","Alexis","Chief Creative Officer","Grey Mexico","https://www.linkedin.com/in/alexis-ospina-81977028/","agency_cco","Hi Alexis — saw you're on the Cannes Lions programme. We're running Indvstry Power House, a private villa with AV studio + no-pitch policy. Great for client sessions, roundtables or recordings. Private dinner 23 Jun + fringe RSVP service.","Hi Alexis,

We are running Indvstry Power House during Cannes Lions week — a private villa with dedicated AV and content capture facilities, daily shuttles to La Croisette, and a strict no-pitch policy.

For agency creative leaders on the programme, the space works well as a studio: somewhere to record a session, host a small client roundtable, or simply have a real conversation away from the Palais.

We are also hosting a private Diaspora Dinner on 23rd June for a select group of senior creatives, and running a fringe event RSVP concierge — 2,500+ events that week, we handle the registrations.

Worth a quick word?

Amber Jacobs | Community Manager, Indvstry Clvb"
"Joaquin Cubria","Joaquin","Chief Creative Officer","GUT","https://www.linkedin.com/in/joaquincubria/","agency_cco","Hi Joaquin — saw you're on the Cannes Lions programme. We're running Indvstry Power House, a private villa with AV studio + no-pitch policy. Great for client sessions, roundtables or recordings. Private dinner 23 Jun + fringe RSVP service.","Hi Joaquin,

We are running Indvstry Power House during Cannes Lions week — a private villa with dedicated AV and content capture facilities, daily shuttles to La Croisette, and a strict no-pitch policy.

For agency creative leaders on the programme, the space works well as a studio: somewhere to record a session, host a small client roundtable, or simply have a real conversation away from the Palais.

We are also hosting a private Diaspora Dinner on 23rd June for a select group of senior creatives, and running a fringe event RSVP concierge — 2,500+ events that week, we handle the registrations.

Worth a quick word?

Amber Jacobs | Community Manager, Indvstry Clvb"
"Tiago Abreu","Tiago","Chief Creative Officer","GUT São Paulo","https://www.linkedin.com/in/tiagoabreu/","agency_cco","Hi Tiago — saw you're on the Cannes Lions programme. We're running Indvstry Power House, a private villa with AV studio + no-pitch policy. Great for client sessions, roundtables or recordings. Private dinner 23 Jun + fringe RSVP service.","Hi Tiago,

We are running Indvstry Power House during Cannes Lions week — a private villa with dedicated AV and content capture facilities, daily shuttles to La Croisette, and a strict no-pitch policy.

For agency creative leaders on the programme, the space works well as a studio: somewhere to record a session, host a small client roundtable, or simply have a real conversation away from the Palais.

We are also hosting a private Diaspora Dinner on 23rd June for a select group of senior creatives, and running a fringe event RSVP concierge — 2,500+ events that week, we handle the registrations.

Worth a quick word?

Amber Jacobs | Community Manager, Indvstry Clvb"
"Satoshi Chikayama","Satoshi","Executive Creative Director","Hakuhodo","https://www.linkedin.com/in/satoshi-chikayama-12b45620/","tech_data","Hi Satoshi — saw you're on the Cannes Lions programme this year. We're running Indvstry Power House, a private villa — no-pitch, AV studio, neutral briefing space. Private dinner 23 Jun + fringe RSVP service. Worth connecting.","Hi Satoshi,

We are running Indvstry Power House during Cannes Lions week — a private villa with daily shuttles to La Croisette, AV facilities, and a strictly no-pitch environment.

For data and technology leaders at Cannes, having genuinely neutral ground — away from branded beach activations — makes a real difference when you need honest client conversations. The space is available for private briefings throughout the week.

We are also hosting a private Diaspora Dinner on 23rd June and running a fringe event concierge — 2,500+ events that week, we handle the RSVPs so you do not miss the ones worth attending.

Happy to share more.

Amber Jacobs | Community Manager, Indvstry Clvb"
"Asako Okuno","Asako","Global Creative Director","Hakuhodo","https://www.linkedin.com/in/asakookuno/","tech_data","Hi Asako — saw you're on the Cannes Lions programme this year. We're running Indvstry Power House, a private villa — no-pitch, AV studio, neutral briefing space. Private dinner 23 Jun + fringe RSVP service. Worth connecting.","Hi Asako,

We are running Indvstry Power House during Cannes Lions week — a private villa with daily shuttles to La Croisette, AV facilities, and a strictly no-pitch environment.

For data and technology leaders at Cannes, having genuinely neutral ground — away from branded beach activations — makes a real difference when you need honest client conversations. The space is available for private briefings throughout the week.

We are also hosting a private Diaspora Dinner on 23rd June and running a fringe event concierge — 2,500+ events that week, we handle the RSVPs so you do not miss the ones worth attending.

Happy to share more.

Amber Jacobs | Community Manager, Indvstry Clvb"
"Mary Anne He","Mary","Head of Data & Insights","Havas Middle East","https://www.linkedin.com/in/maryannehe/","tech_data","Hi Mary — saw you're on the Cannes Lions programme this year. We're running Indvstry Power House, a private villa — no-pitch, AV studio, neutral briefing space. Private dinner 23 Jun + fringe RSVP service. Worth connecting.","Hi Mary,

We are running Indvstry Power House during Cannes Lions week — a private villa with daily shuttles to La Croisette, AV facilities, and a strictly no-pitch environment.

For data and technology leaders at Cannes, having genuinely neutral ground — away from branded beach activations — makes a real difference when you need honest client conversations. The space is available for private briefings throughout the week.

We are also hosting a private Diaspora Dinner on 23rd June and running a fringe event concierge — 2,500+ events that week, we handle the RSVPs so you do not miss the ones worth attending.

Happy to share more.

Amber Jacobs | Community Manager, Indvstry Clvb"
"Alejandro Fischer","Alejandro","Chief Strategy Officer","Havas Middle East","https://www.linkedin.com/in/alejandrofischer/","agency_cso","Hi Alejandro — saw you're speaking at Cannes Lions this year. We're running Indvstry Power House, a private villa — no-pitch zone, content studio, private dinner 23 Jun + fringe event RSVP service for guests. Would love to connect.","Hi Alejandro,

We are running Indvstry Power House during Cannes Lions week — a private villa with daily shuttles to La Croisette, content facilities, and a no-pitch policy. A number of strategy leaders on this year's programme are using it for private client sessions and off-schedule conversations.

We are also hosting a private Diaspora Dinner on 23rd June — a small group of senior agency and brand leaders, entirely off the official schedule.

And a useful extra: we run a fringe event RSVP concierge for guests — with 2,500+ events that week, we handle registrations so you do not miss the ones that matter.

Happy to share more.

Amber Jacobs | Community Manager, Indvstry Clvb"
"Donevan Chew","Donevan","Chief Creative Officer","Havas Malaysia","https://www.linkedin.com/in/donevanchew/","agency_cco","Hi Donevan — saw you're on the Cannes Lions programme. We're running Indvstry Power House, a private villa with AV studio + no-pitch policy. Great for client sessions, roundtables or recordings. Private dinner 23 Jun + fringe RSVP service.","Hi Donevan,

We are running Indvstry Power House during Cannes Lions week — a private villa with dedicated AV and content capture facilities, daily shuttles to La Croisette, and a strict no-pitch policy.

For agency creative leaders on the programme, the space works well as a studio: somewhere to record a session, host a small client roundtable, or simply have a real conversation away from the Palais.

We are also hosting a private Diaspora Dinner on 23rd June for a select group of senior creatives, and running a fringe event RSVP concierge — 2,500+ events that week, we handle the registrations.

Worth a quick word?

Amber Jacobs | Community Manager, Indvstry Clvb"
"Ben Sun Erhei","Ben","CEO and CCO","Havas Creative China","https://www.linkedin.com/in/erhei-sun-99321526/","agency_cco","Hi Ben — saw you're on the Cannes Lions programme. We're running Indvstry Power House, a private villa with AV studio + no-pitch policy. Great for client sessions, roundtables or recordings. Private dinner 23 Jun + fringe RSVP service.","Hi Ben,

We are running Indvstry Power House during Cannes Lions week — a private villa with dedicated AV and content capture facilities, daily shuttles to La Croisette, and a strict no-pitch policy.

For agency creative leaders on the programme, the space works well as a studio: somewhere to record a session, host a small client roundtable, or simply have a real conversation away from the Palais.

We are also hosting a private Diaspora Dinner on 23rd June for a select group of senior creatives, and running a fringe event RSVP concierge — 2,500+ events that week, we handle the registrations.

Worth a quick word?

Amber Jacobs | Community Manager, Indvstry Clvb"
"Stephanie Mazingi","Stephanie","Creative Managing Director","Havas South Africa","https://www.linkedin.com/in/stephaniemazingi/","tech_data","Hi Stephanie — saw you're on the Cannes Lions programme this year. We're running Indvstry Power House, a private villa — no-pitch, AV studio, neutral briefing space. Private dinner 23 Jun + fringe RSVP service. Worth connecting.","Hi Stephanie,

We are running Indvstry Power House during Cannes Lions week — a private villa with daily shuttles to La Croisette, AV facilities, and a strictly no-pitch environment.

For data and technology leaders at Cannes, having genuinely neutral ground — away from branded beach activations — makes a real difference when you need honest client conversations. The space is available for private briefings throughout the week.

We are also hosting a private Diaspora Dinner on 23rd June and running a fringe event concierge — 2,500+ events that week, we handle the RSVPs so you do not miss the ones worth attending.

Happy to share more.

Amber Jacobs | Community Manager, Indvstry Clvb"
"Melissa Tifrere","Melissa","Chief Production Officer","Havas","https://www.linkedin.com/in/melissatifrere/","agency_cco","Hi Melissa — saw you're on the Cannes Lions programme. We're running Indvstry Power House, a private villa with AV studio + no-pitch policy. Great for client sessions, roundtables or recordings. Private dinner 23 Jun + fringe RSVP service.","Hi Melissa,

We are running Indvstry Power House during Cannes Lions week — a private villa with dedicated AV and content capture facilities, daily shuttles to La Croisette, and a strict no-pitch policy.

For agency creative leaders on the programme, the space works well as a studio: somewhere to record a session, host a small client roundtable, or simply have a real conversation away from the Palais.

We are also hosting a private Diaspora Dinner on 23rd June for a select group of senior creatives, and running a fringe event RSVP concierge — 2,500+ events that week, we handle the registrations.

Worth a quick word?

Amber Jacobs | Community Manager, Indvstry Clvb"
"Prachi Narayan","Prachi","Managing Partner","Havas Play","https://www.linkedin.com/in/prachinarayan/","network_ceo","Hi Prachi — saw you're on the Cannes Lions programme this year. We're running Indvstry Power House, a private villa during festival week — no-pitch, AV studio, private dinner 23 Jun + fringe event RSVP service. Worth connecting.","Hi Prachi,

We are running Indvstry Power House during Cannes Lions week — a private villa with daily shuttles to La Croisette, content facilities, and a no-pitch policy. Several agency network leaders are using the space for private client sessions and off-schedule conversations away from the Palais.

We are also hosting a private Diaspora Dinner on Tuesday 23rd June — a small, curated group of senior industry leaders entirely off the official schedule.

One more thing: we run a fringe event RSVP concierge for guests. With 2,500+ events that week, we handle the registrations so the right ones are confirmed without the admin.

Happy to share more.

Amber Jacobs | Community Manager, Indvstry Clvb"
"Marta Garcia Alonso","Marta","VP Marketing","Heineken","https://www.linkedin.com/in/martagarciaalonso/","cmo_brand","Hi Marta — saw you're speaking at Cannes Lions this year. We're running Indvstry Power House, a private villa at Cannes — no-pitch zone, client briefing space, private dinner 23 Jun + fringe RSVP service. Worth connecting.","Hi Marta,

We are running Indvstry Power House during Cannes Lions week — a private villa with daily shuttles to La Croisette, AV facilities, and a strictly no-pitch, no-branded environment.

For CMOs on the programme, the space works particularly well as neutral ground for client and agency conversations — a proper room away from beach clubs and Palais chaos.

We are also hosting a private Diaspora Dinner on 23rd June and running a fringe event RSVP concierge — over 2,500 events that week, we handle registrations so you show up to the ones that matter.

Happy to share more.

Amber Jacobs | Community Manager, Indvstry Clvb"
"Jung A Kim","Jung","CEO and CCO","INNOCEAN","https://www.linkedin.com/in/jungakim/","agency_cco","Hi Jung — saw you're on the Cannes Lions programme. We're running Indvstry Power House, a private villa with AV studio + no-pitch policy. Great for client sessions, roundtables or recordings. Private dinner 23 Jun + fringe RSVP service.","Hi Jung,

We are running Indvstry Power House during Cannes Lions week — a private villa with dedicated AV and content capture facilities, daily shuttles to La Croisette, and a strict no-pitch policy.

For agency creative leaders on the programme, the space works well as a studio: somewhere to record a session, host a small client roundtable, or simply have a real conversation away from the Palais.

We are also hosting a private Diaspora Dinner on 23rd June for a select group of senior creatives, and running a fringe event RSVP concierge — 2,500+ events that week, we handle the registrations.

Worth a quick word?

Amber Jacobs | Community Manager, Indvstry Clvb"
"Adelise Ashdown","Adelise","Global Head of Brand and Client Experience","JLL","https://www.linkedin.com/in/adeliseashdown/","agency_cco","Hi Adelise — saw you're on the Cannes Lions programme. We're running Indvstry Power House, a private villa with AV studio + no-pitch policy. Great for client sessions, roundtables or recordings. Private dinner 23 Jun + fringe RSVP service.","Hi Adelise,

We are running Indvstry Power House during Cannes Lions week — a private villa with dedicated AV and content capture facilities, daily shuttles to La Croisette, and a strict no-pitch policy.

For agency creative leaders on the programme, the space works well as a studio: somewhere to record a session, host a small client roundtable, or simply have a real conversation away from the Palais.

We are also hosting a private Diaspora Dinner on 23rd June for a select group of senior creatives, and running a fringe event RSVP concierge — 2,500+ events that week, we handle the registrations.

Worth a quick word?

Amber Jacobs | Community Manager, Indvstry Clvb"
"Mpume Ngobese","Mpume","Managing Director","Joe Public","https://www.linkedin.com/in/mpumengobese/","tech_data","Hi Mpume — saw you're on the Cannes Lions programme this year. We're running Indvstry Power House, a private villa — no-pitch, AV studio, neutral briefing space. Private dinner 23 Jun + fringe RSVP service. Worth connecting.","Hi Mpume,

We are running Indvstry Power House during Cannes Lions week — a private villa with daily shuttles to La Croisette, AV facilities, and a strictly no-pitch environment.

For data and technology leaders at Cannes, having genuinely neutral ground — away from branded beach activations — makes a real difference when you need honest client conversations. The space is available for private briefings throughout the week.

We are also hosting a private Diaspora Dinner on 23rd June and running a fringe event concierge — 2,500+ events that week, we handle the RSVPs so you do not miss the ones worth attending.

Happy to share more.

Amber Jacobs | Community Manager, Indvstry Clvb"
"Marilia Zanoli","Marilia","Chief Marketing Officer","Kimberly-Clark Brazil","https://www.linkedin.com/in/mariliazanoli/","cmo_brand","Hi Marilia — saw you're speaking at Cannes Lions this year. We're running Indvstry Power House, a private villa at Cannes — no-pitch zone, client briefing space, private dinner 23 Jun + fringe RSVP service. Worth connecting.","Hi Marilia,

We are running Indvstry Power House during Cannes Lions week — a private villa with daily shuttles to La Croisette, AV facilities, and a strictly no-pitch, no-branded environment.

For CMOs on the programme, the space works particularly well as neutral ground for client and agency conversations — a proper room away from beach clubs and Palais chaos.

We are also hosting a private Diaspora Dinner on 23rd June and running a fringe event RSVP concierge — over 2,500 events that week, we handle registrations so you show up to the ones that matter.

Happy to share more.

Amber Jacobs | Community Manager, Indvstry Clvb"
"Lulu Raghavan","Lulu","President APAC","Landor","https://www.linkedin.com/in/luluraghavan/","network_ceo","Hi Lulu — saw you're on the Cannes Lions programme this year. We're running Indvstry Power House, a private villa during festival week — no-pitch, AV studio, private dinner 23 Jun + fringe event RSVP service. Worth connecting.","Hi Lulu,

We are running Indvstry Power House during Cannes Lions week — a private villa with daily shuttles to La Croisette, content facilities, and a no-pitch policy. Several agency network leaders are using the space for private client sessions and off-schedule conversations away from the Palais.

We are also hosting a private Diaspora Dinner on Tuesday 23rd June — a small, curated group of senior industry leaders entirely off the official schedule.

One more thing: we run a fringe event RSVP concierge for guests. With 2,500+ events that week, we handle the registrations so the right ones are confirmed without the admin.

Happy to share more.

Amber Jacobs | Community Manager, Indvstry Clvb"
"Julia Goldin","Julia","Chief Product and Marketing Officer","The LEGO Group","https://www.linkedin.com/in/juliagoldin/","agency_cco","Hi Julia — saw you're on the Cannes Lions programme. We're running Indvstry Power House, a private villa with AV studio + no-pitch policy. Great for client sessions, roundtables or recordings. Private dinner 23 Jun + fringe RSVP service.","Hi Julia,

We are running Indvstry Power House during Cannes Lions week — a private villa with dedicated AV and content capture facilities, daily shuttles to La Croisette, and a strict no-pitch policy.

For agency creative leaders on the programme, the space works well as a studio: somewhere to record a session, host a small client roundtable, or simply have a real conversation away from the Palais.

We are also hosting a private Diaspora Dinner on 23rd June for a select group of senior creatives, and running a fringe event RSVP concierge — 2,500+ events that week, we handle the registrations.

Worth a quick word?

Amber Jacobs | Community Manager, Indvstry Clvb"
"Breana Auberry","Breana","Global Brand Director, Culture Marketing","The LEGO Group","https://www.linkedin.com/in/breana-auberry-8588521/","tech_data","Hi Breana — saw you're on the Cannes Lions programme this year. We're running Indvstry Power House, a private villa — no-pitch, AV studio, neutral briefing space. Private dinner 23 Jun + fringe RSVP service. Worth connecting.","Hi Breana,

We are running Indvstry Power House during Cannes Lions week — a private villa with daily shuttles to La Croisette, AV facilities, and a strictly no-pitch environment.

For data and technology leaders at Cannes, having genuinely neutral ground — away from branded beach activations — makes a real difference when you need honest client conversations. The space is available for private briefings throughout the week.

We are also hosting a private Diaspora Dinner on 23rd June and running a fringe event concierge — 2,500+ events that week, we handle the RSVPs so you do not miss the ones worth attending.

Happy to share more.

Amber Jacobs | Community Manager, Indvstry Clvb"
"Clare Pickens","Clare","CEO","Leo Australia","https://www.linkedin.com/in/clarepickens/","network_ceo","Hi Clare — saw you're on the Cannes Lions programme this year. We're running Indvstry Power House, a private villa during festival week — no-pitch, AV studio, private dinner 23 Jun + fringe event RSVP service. Worth connecting.","Hi Clare,

We are running Indvstry Power House during Cannes Lions week — a private villa with daily shuttles to La Croisette, content facilities, and a no-pitch policy. Several agency network leaders are using the space for private client sessions and off-schedule conversations away from the Palais.

We are also hosting a private Diaspora Dinner on Tuesday 23rd June — a small, curated group of senior industry leaders entirely off the official schedule.

One more thing: we run a fringe event RSVP concierge for guests. With 2,500+ events that week, we handle the registrations so the right ones are confirmed without the admin.

Happy to share more.

Amber Jacobs | Community Manager, Indvstry Clvb"
"Mark Elwood","Mark","Chief Creative Officer","Leo UK","https://www.linkedin.com/in/markelwood/","agency_cco","Hi Mark — saw you're on the Cannes Lions programme. We're running Indvstry Power House, a private villa with AV studio + no-pitch policy. Great for client sessions, roundtables or recordings. Private dinner 23 Jun + fringe RSVP service.","Hi Mark,

We are running Indvstry Power House during Cannes Lions week — a private villa with dedicated AV and content capture facilities, daily shuttles to La Croisette, and a strict no-pitch policy.

For agency creative leaders on the programme, the space works well as a studio: somewhere to record a session, host a small client roundtable, or simply have a real conversation away from the Palais.

We are also hosting a private Diaspora Dinner on 23rd June for a select group of senior creatives, and running a fringe event RSVP concierge — 2,500+ events that week, we handle the registrations.

Worth a quick word?

Amber Jacobs | Community Manager, Indvstry Clvb"
"Amitesh Rao","Amitesh","CEO South Asia","Leo","https://www.linkedin.com/in/amiteshrao/","network_ceo","Hi Amitesh — saw you're on the Cannes Lions programme this year. We're running Indvstry Power House, a private villa during festival week — no-pitch, AV studio, private dinner 23 Jun + fringe event RSVP service. Worth connecting.","Hi Amitesh,

We are running Indvstry Power House during Cannes Lions week — a private villa with daily shuttles to La Croisette, content facilities, and a no-pitch policy. Several agency network leaders are using the space for private client sessions and off-schedule conversations away from the Palais.

We are also hosting a private Diaspora Dinner on Tuesday 23rd June — a small, curated group of senior industry leaders entirely off the official schedule.

One more thing: we run a fringe event RSVP concierge for guests. With 2,500+ events that week, we handle the registrations so the right ones are confirmed without the admin.

Happy to share more.

Amber Jacobs | Community Manager, Indvstry Clvb"
"Mihnea Gheorghiu","Mihnea","Global CCO","LePub","https://www.linkedin.com/in/mihneagheorghiu/","jury_president","Hi Mihnea — congrats on the Jury President role at Cannes Lions. We're running Indvstry Power House, a private villa during festival week — no-pitch zone, daily shuttles, private dinner 23 Jun. Would love to connect.","Hi Mihnea,

Congratulations on the Jury President role — that is going to be a busy week.

We are running Indvstry Power House during Cannes Lions: a private villa with daily shuttles to La Croisette, AV and content facilities, and a strict no-pitch policy. A number of this year's jury members are using it as a proper base to decompress between sessions.

We are also hosting a private Diaspora Dinner on Tuesday 23rd June — 30 guests, off-schedule, the right people in one room.

And with 2,500+ fringe events happening that week, we run a concierge RSVP service for guests so the ones that matter are locked in without the admin.

Would love to share more if useful.

Amber Jacobs | Community Manager, Indvstry Clvb"
"Ricardo Aviles","Ricardo","Chief Creative Officer","LePub México","https://www.linkedin.com/in/ricardo-avil%C3%A9s-63110a11/","agency_cco","Hi Ricardo — saw you're on the Cannes Lions programme. We're running Indvstry Power House, a private villa with AV studio + no-pitch policy. Great for client sessions, roundtables or recordings. Private dinner 23 Jun + fringe RSVP service.","Hi Ricardo,

We are running Indvstry Power House during Cannes Lions week — a private villa with dedicated AV and content capture facilities, daily shuttles to La Croisette, and a strict no-pitch policy.

For agency creative leaders on the programme, the space works well as a studio: somewhere to record a session, host a small client roundtable, or simply have a real conversation away from the Palais.

We are also hosting a private Diaspora Dinner on 23rd June for a select group of senior creatives, and running a fringe event RSVP concierge — 2,500+ events that week, we handle the registrations.

Worth a quick word?

Amber Jacobs | Community Manager, Indvstry Clvb"
"Jim Curtis","Jim","Chief Creative Officer","LePub NY","https://www.linkedin.com/in/jim-curtis-🦒-2619b6b/","agency_cco","Hi Jim — saw you're on the Cannes Lions programme. We're running Indvstry Power House, a private villa with AV studio + no-pitch policy. Great for client sessions, roundtables or recordings. Private dinner 23 Jun + fringe RSVP service.","Hi Jim,

We are running Indvstry Power House during Cannes Lions week — a private villa with dedicated AV and content capture facilities, daily shuttles to La Croisette, and a strict no-pitch policy.

For agency creative leaders on the programme, the space works well as a studio: somewhere to record a session, host a small client roundtable, or simply have a real conversation away from the Palais.

We are also hosting a private Diaspora Dinner on 23rd June for a select group of senior creatives, and running a fringe event RSVP concierge — 2,500+ events that week, we handle the registrations.

Worth a quick word?

Amber Jacobs | Community Manager, Indvstry Clvb"
"Ty Heath","Ty","Global Director, Thought Leadership","LinkedIn","https://www.linkedin.com/in/tyheath/","tech_data","Hi Ty — saw you're on the Cannes Lions programme this year. We're running Indvstry Power House, a private villa — no-pitch, AV studio, neutral briefing space. Private dinner 23 Jun + fringe RSVP service. Worth connecting.","Hi Ty,

We are running Indvstry Power House during Cannes Lions week — a private villa with daily shuttles to La Croisette, AV facilities, and a strictly no-pitch environment.

For data and technology leaders at Cannes, having genuinely neutral ground — away from branded beach activations — makes a real difference when you need honest client conversations. The space is available for private briefings throughout the week.

We are also hosting a private Diaspora Dinner on 23rd June and running a fringe event concierge — 2,500+ events that week, we handle the RSVPs so you do not miss the ones worth attending.

Happy to share more.

Amber Jacobs | Community Manager, Indvstry Clvb"
"Lolly Thomson","Lolly","Joint Global CCO","M+C Saatchi Group","https://www.linkedin.com/in/lolly-thomson-052a3821/","agency_cco","Hi Lolly — saw you're on the Cannes Lions programme. We're running Indvstry Power House, a private villa with AV studio + no-pitch policy. Great for client sessions, roundtables or recordings. Private dinner 23 Jun + fringe RSVP service.","Hi Lolly,

We are running Indvstry Power House during Cannes Lions week — a private villa with dedicated AV and content capture facilities, daily shuttles to La Croisette, and a strict no-pitch policy.

For agency creative leaders on the programme, the space works well as a studio: somewhere to record a session, host a small client roundtable, or simply have a real conversation away from the Palais.

We are also hosting a private Diaspora Dinner on 23rd June for a select group of senior creatives, and running a fringe event RSVP concierge — 2,500+ events that week, we handle the registrations.

Worth a quick word?

Amber Jacobs | Community Manager, Indvstry Clvb"
"Nadja Bellan-White","Nadja","Group CEO","M+C Saatchi North America","https://www.linkedin.com/in/nadjabellanwhite/","network_ceo","Hi Nadja — saw you're on the Cannes Lions programme this year. We're running Indvstry Power House, a private villa during festival week — no-pitch, AV studio, private dinner 23 Jun + fringe event RSVP service. Worth connecting.","Hi Nadja,

We are running Indvstry Power House during Cannes Lions week — a private villa with daily shuttles to La Croisette, content facilities, and a no-pitch policy. Several agency network leaders are using the space for private client sessions and off-schedule conversations away from the Palais.

We are also hosting a private Diaspora Dinner on Tuesday 23rd June — a small, curated group of senior industry leaders entirely off the official schedule.

One more thing: we run a fringe event RSVP concierge for guests. With 2,500+ events that week, we handle the registrations so the right ones are confirmed without the admin.

Happy to share more.

Amber Jacobs | Community Manager, Indvstry Clvb"
"Jabulani Sigege","Jabulani","Group Executive Creative Director","Machine_","https://www.linkedin.com/in/jabulanisigege/","tech_data","Hi Jabulani — saw you're on the Cannes Lions programme this year. We're running Indvstry Power House, a private villa — no-pitch, AV studio, neutral briefing space. Private dinner 23 Jun + fringe RSVP service. Worth connecting.","Hi Jabulani,

We are running Indvstry Power House during Cannes Lions week — a private villa with daily shuttles to La Croisette, AV facilities, and a strictly no-pitch environment.

For data and technology leaders at Cannes, having genuinely neutral ground — away from branded beach activations — makes a real difference when you need honest client conversations. The space is available for private briefings throughout the week.

We are also hosting a private Diaspora Dinner on 23rd June and running a fringe event concierge — 2,500+ events that week, we handle the RSVPs so you do not miss the ones worth attending.

Happy to share more.

Amber Jacobs | Community Manager, Indvstry Clvb"
"Britt Nolan","Britt","Chief Creative Officer","McCann North America","https://www.linkedin.com/in/brittnolan/","agency_cco","Hi Britt — saw you're on the Cannes Lions programme. We're running Indvstry Power House, a private villa with AV studio + no-pitch policy. Great for client sessions, roundtables or recordings. Private dinner 23 Jun + fringe RSVP service.","Hi Britt,

We are running Indvstry Power House during Cannes Lions week — a private villa with dedicated AV and content capture facilities, daily shuttles to La Croisette, and a strict no-pitch policy.

For agency creative leaders on the programme, the space works well as a studio: somewhere to record a session, host a small client roundtable, or simply have a real conversation away from the Palais.

We are also hosting a private Diaspora Dinner on 23rd June for a select group of senior creatives, and running a fringe event RSVP concierge — 2,500+ events that week, we handle the registrations.

Worth a quick word?

Amber Jacobs | Community Manager, Indvstry Clvb"
"Vitor Hugo Favero","Vitor","Global Design Lead","McCann","https://www.linkedin.com/in/vitorhugofavero/","agency_cco","Hi Vitor — saw you're on the Cannes Lions programme. We're running Indvstry Power House, a private villa with AV studio + no-pitch policy. Great for client sessions, roundtables or recordings. Private dinner 23 Jun + fringe RSVP service.","Hi Vitor,

We are running Indvstry Power House during Cannes Lions week — a private villa with dedicated AV and content capture facilities, daily shuttles to La Croisette, and a strict no-pitch policy.

For agency creative leaders on the programme, the space works well as a studio: somewhere to record a session, host a small client roundtable, or simply have a real conversation away from the Palais.

We are also hosting a private Diaspora Dinner on 23rd June for a select group of senior creatives, and running a fringe event RSVP concierge — 2,500+ events that week, we handle the registrations.

Worth a quick word?

Amber Jacobs | Community Manager, Indvstry Clvb"
"Dheeraj Sinha","Dheeraj","CEO","McCann","https://www.linkedin.com/in/dheerajsinha/","network_ceo","Hi Dheeraj — saw you're on the Cannes Lions programme this year. We're running Indvstry Power House, a private villa during festival week — no-pitch, AV studio, private dinner 23 Jun + fringe event RSVP service. Worth connecting.","Hi Dheeraj,

We are running Indvstry Power House during Cannes Lions week — a private villa with daily shuttles to La Croisette, content facilities, and a no-pitch policy. Several agency network leaders are using the space for private client sessions and off-schedule conversations away from the Palais.

We are also hosting a private Diaspora Dinner on Tuesday 23rd June — a small, curated group of senior industry leaders entirely off the official schedule.

One more thing: we run a fringe event RSVP concierge for guests. With 2,500+ events that week, we handle the registrations so the right ones are confirmed without the admin.

Happy to share more.

Amber Jacobs | Community Manager, Indvstry Clvb"
"Farah El Feghali","Farah","Executive Creative Director","McCann Paris","https://www.linkedin.com/in/farahelfeghali/","tech_data","Hi Farah — saw you're on the Cannes Lions programme this year. We're running Indvstry Power House, a private villa — no-pitch, AV studio, neutral briefing space. Private dinner 23 Jun + fringe RSVP service. Worth connecting.","Hi Farah,

We are running Indvstry Power House during Cannes Lions week — a private villa with daily shuttles to La Croisette, AV facilities, and a strictly no-pitch environment.

For data and technology leaders at Cannes, having genuinely neutral ground — away from branded beach activations — makes a real difference when you need honest client conversations. The space is available for private briefings throughout the week.

We are also hosting a private Diaspora Dinner on 23rd June and running a fringe event concierge — 2,500+ events that week, we handle the RSVPs so you do not miss the ones worth attending.

Happy to share more.

Amber Jacobs | Community Manager, Indvstry Clvb"
"John Bleeden","John","SVP Global Executive Creative Development","McCann","https://www.linkedin.com/in/johnbleeden/","agency_cco","Hi John — saw you're on the Cannes Lions programme. We're running Indvstry Power House, a private villa with AV studio + no-pitch policy. Great for client sessions, roundtables or recordings. Private dinner 23 Jun + fringe RSVP service.","Hi John,

We are running Indvstry Power House during Cannes Lions week — a private villa with dedicated AV and content capture facilities, daily shuttles to La Croisette, and a strict no-pitch policy.

For agency creative leaders on the programme, the space works well as a studio: somewhere to record a session, host a small client roundtable, or simply have a real conversation away from the Palais.

We are also hosting a private Diaspora Dinner on 23rd June for a select group of senior creatives, and running a fringe event RSVP concierge — 2,500+ events that week, we handle the registrations.

Worth a quick word?

Amber Jacobs | Community Manager, Indvstry Clvb"
"Khethiwe Makhubo","Khethiwe","Creative Group Head","McCann Joburg","https://www.linkedin.com/in/khethiwemakhubo/","agency_cco","Hi Khethiwe — saw you're on the Cannes Lions programme. We're running Indvstry Power House, a private villa with AV studio + no-pitch policy. Great for client sessions, roundtables or recordings. Private dinner 23 Jun + fringe RSVP service.","Hi Khethiwe,

We are running Indvstry Power House during Cannes Lions week — a private villa with dedicated AV and content capture facilities, daily shuttles to La Croisette, and a strict no-pitch policy.

For agency creative leaders on the programme, the space works well as a studio: somewhere to record a session, host a small client roundtable, or simply have a real conversation away from the Palais.

We are also hosting a private Diaspora Dinner on 23rd June for a select group of senior creatives, and running a fringe event RSVP concierge — 2,500+ events that week, we handle the registrations.

Worth a quick word?

Amber Jacobs | Community Manager, Indvstry Clvb"
"Tarek Miknas","Tarek","CEO","FP7McCann MENAT","https://www.linkedin.com/in/tarekmiknas/","network_ceo","Hi Tarek — saw you're on the Cannes Lions programme this year. We're running Indvstry Power House, a private villa during festival week — no-pitch, AV studio, private dinner 23 Jun + fringe event RSVP service. Worth connecting.","Hi Tarek,

We are running Indvstry Power House during Cannes Lions week — a private villa with daily shuttles to La Croisette, content facilities, and a no-pitch policy. Several agency network leaders are using the space for private client sessions and off-schedule conversations away from the Palais.

We are also hosting a private Diaspora Dinner on Tuesday 23rd June — a small, curated group of senior industry leaders entirely off the official schedule.

One more thing: we run a fringe event RSVP concierge for guests. With 2,500+ events that week, we handle the registrations so the right ones are confirmed without the admin.

Happy to share more.

Amber Jacobs | Community Manager, Indvstry Clvb"
"Sean Summers","Sean","Chief Marketing Officer","Mercado Libre","https://www.linkedin.com/in/sean-summers-529a3a1/","cmo_brand","Hi Sean — saw you're speaking at Cannes Lions this year. We're running Indvstry Power House, a private villa at Cannes — no-pitch zone, client briefing space, private dinner 23 Jun + fringe RSVP service. Worth connecting.","Hi Sean,

We are running Indvstry Power House during Cannes Lions week — a private villa with daily shuttles to La Croisette, AV facilities, and a strictly no-pitch, no-branded environment.

For CMOs on the programme, the space works particularly well as neutral ground for client and agency conversations — a proper room away from beach clubs and Palais chaos.

We are also hosting a private Diaspora Dinner on 23rd June and running a fringe event RSVP concierge — over 2,500 events that week, we handle registrations so you show up to the ones that matter.

Happy to share more.

Amber Jacobs | Community Manager, Indvstry Clvb"
"Julie Hogan","Julie","VP Global Brand Experiences","Meta","https://www.linkedin.com/in/julie-hogan-3323083/","agency_cco","Hi Julie — saw you're on the Cannes Lions programme. We're running Indvstry Power House, a private villa with AV studio + no-pitch policy. Great for client sessions, roundtables or recordings. Private dinner 23 Jun + fringe RSVP service.","Hi Julie,

We are running Indvstry Power House during Cannes Lions week — a private villa with dedicated AV and content capture facilities, daily shuttles to La Croisette, and a strict no-pitch policy.

For agency creative leaders on the programme, the space works well as a studio: somewhere to record a session, host a small client roundtable, or simply have a real conversation away from the Palais.

We are also hosting a private Diaspora Dinner on 23rd June for a select group of senior creatives, and running a fringe event RSVP concierge — 2,500+ events that week, we handle the registrations.

Worth a quick word?

Amber Jacobs | Community Manager, Indvstry Clvb"
"Andre Athayde","Andre","Agency Partner","Meta","https://www.linkedin.com/in/andreathayde/","agency_cco","Hi Andre — saw you're on the Cannes Lions programme. We're running Indvstry Power House, a private villa with AV studio + no-pitch policy. Great for client sessions, roundtables or recordings. Private dinner 23 Jun + fringe RSVP service.","Hi Andre,

We are running Indvstry Power House during Cannes Lions week — a private villa with dedicated AV and content capture facilities, daily shuttles to La Croisette, and a strict no-pitch policy.

For agency creative leaders on the programme, the space works well as a studio: somewhere to record a session, host a small client roundtable, or simply have a real conversation away from the Palais.

We are also hosting a private Diaspora Dinner on 23rd June for a select group of senior creatives, and running a fringe event RSVP concierge — 2,500+ events that week, we handle the registrations.

Worth a quick word?

Amber Jacobs | Community Manager, Indvstry Clvb"
"Pablo Vitale","Pablo","SVP Executive Creative Director","Monks Buenos Aires","https://www.linkedin.com/in/pablovitale/","tech_data","Hi Pablo — saw you're on the Cannes Lions programme this year. We're running Indvstry Power House, a private villa — no-pitch, AV studio, neutral briefing space. Private dinner 23 Jun + fringe RSVP service. Worth connecting.","Hi Pablo,

We are running Indvstry Power House during Cannes Lions week — a private villa with daily shuttles to La Croisette, AV facilities, and a strictly no-pitch environment.

For data and technology leaders at Cannes, having genuinely neutral ground — away from branded beach activations — makes a real difference when you need honest client conversations. The space is available for private briefings throughout the week.

We are also hosting a private Diaspora Dinner on 23rd June and running a fringe event concierge — 2,500+ events that week, we handle the RSVPs so you do not miss the ones worth attending.

Happy to share more.

Amber Jacobs | Community Manager, Indvstry Clvb"
"Oriel Davis-Lyons","Oriel","Chief Creative Officer","Mother New York","https://www.linkedin.com/in/oriel-davis-lyons-411a774b/","agency_cco","Hi Oriel — saw you're on the Cannes Lions programme. We're running Indvstry Power House, a private villa with AV studio + no-pitch policy. Great for client sessions, roundtables or recordings. Private dinner 23 Jun + fringe RSVP service.","Hi Oriel,

We are running Indvstry Power House during Cannes Lions week — a private villa with dedicated AV and content capture facilities, daily shuttles to La Croisette, and a strict no-pitch policy.

For agency creative leaders on the programme, the space works well as a studio: somewhere to record a session, host a small client roundtable, or simply have a real conversation away from the Palais.

We are also hosting a private Diaspora Dinner on 23rd June for a select group of senior creatives, and running a fringe event RSVP concierge — 2,500+ events that week, we handle the registrations.

Worth a quick word?

Amber Jacobs | Community Manager, Indvstry Clvb"
"Sam Stuchbury","Sam","Executive Creative Director and Founder","Motion Sickness","https://www.linkedin.com/in/sam-stuchbury-014a4013/","founder_independent","Hi Sam — saw you're speaking at Cannes Lions this year. We're offering a select few speakers a residency at Indvstry Power House — a private villa during festival week. Live-in base, no-pitch, private dinner 23 Jun + RSVP service.","Hi Sam,

We are running Indvstry Power House during Cannes Lions week and offering a small number of speaker residency spots — essentially a live-in base at our private villa for the week, with daily shuttles to La Croisette, dedicated workspace, and a no-pitch policy.

For independent creatives and founders on the programme, it is a proper home between sessions without the cost of Cannes hotel rates.

We are also hosting a private Diaspora Dinner on 23rd June — a small, curated gathering — and running a fringe event RSVP concierge for residents: over 2,500 events happen that week and we manage the registrations so you show up to the right ones.

Happy to share more on the residency.

Amber Jacobs | Community Manager, Indvstry Clvb"
"Felix del Valle","Felix","Chief Creative Officer","MRM Spain","https://www.linkedin.com/in/felixdelvalle/","agency_cco","Hi Felix — saw you're on the Cannes Lions programme. We're running Indvstry Power House, a private villa with AV studio + no-pitch policy. Great for client sessions, roundtables or recordings. Private dinner 23 Jun + fringe RSVP service.","Hi Felix,

We are running Indvstry Power House during Cannes Lions week — a private villa with dedicated AV and content capture facilities, daily shuttles to La Croisette, and a strict no-pitch policy.

For agency creative leaders on the programme, the space works well as a studio: somewhere to record a session, host a small client roundtable, or simply have a real conversation away from the Palais.

We are also hosting a private Diaspora Dinner on 23rd June for a select group of senior creatives, and running a fringe event RSVP concierge — 2,500+ events that week, we handle the registrations.

Worth a quick word?

Amber Jacobs | Community Manager, Indvstry Clvb"
"Norkor Duah","Norkor","CEO","MullenLowe Accra","https://www.linkedin.com/in/norkorduah/","network_ceo","Hi Norkor — saw you're on the Cannes Lions programme this year. We're running Indvstry Power House, a private villa during festival week — no-pitch, AV studio, private dinner 23 Jun + fringe event RSVP service. Worth connecting.","Hi Norkor,

We are running Indvstry Power House during Cannes Lions week — a private villa with daily shuttles to La Croisette, content facilities, and a no-pitch policy. Several agency network leaders are using the space for private client sessions and off-schedule conversations away from the Palais.

We are also hosting a private Diaspora Dinner on Tuesday 23rd June — a small, curated group of senior industry leaders entirely off the official schedule.

One more thing: we run a fringe event RSVP concierge for guests. With 2,500+ events that week, we handle the registrations so the right ones are confirmed without the admin.

Happy to share more.

Amber Jacobs | Community Manager, Indvstry Clvb"
"Tracey Cooke","Tracey","Chief Marketing Officer SVP","Nestle","https://www.linkedin.com/in/tracey-cooke-58832a4/","cmo_brand","Hi Tracey — saw you're speaking at Cannes Lions this year. We're running Indvstry Power House, a private villa at Cannes — no-pitch zone, client briefing space, private dinner 23 Jun + fringe RSVP service. Worth connecting.","Hi Tracey,

We are running Indvstry Power House during Cannes Lions week — a private villa with daily shuttles to La Croisette, AV facilities, and a strictly no-pitch, no-branded environment.

For CMOs on the programme, the space works particularly well as neutral ground for client and agency conversations — a proper room away from beach clubs and Palais chaos.

We are also hosting a private Diaspora Dinner on 23rd June and running a fringe event RSVP concierge — over 2,500 events that week, we handle registrations so you show up to the ones that matter.

Happy to share more.

Amber Jacobs | Community Manager, Indvstry Clvb"
"Guy Futcher","Guy","Regional Executive Creative Director","Octagon APAC","https://www.linkedin.com/in/guy-futcher-61405b22/","tech_data","Hi Guy — saw you're on the Cannes Lions programme this year. We're running Indvstry Power House, a private villa — no-pitch, AV studio, neutral briefing space. Private dinner 23 Jun + fringe RSVP service. Worth connecting.","Hi Guy,

We are running Indvstry Power House during Cannes Lions week — a private villa with daily shuttles to La Croisette, AV facilities, and a strictly no-pitch environment.

For data and technology leaders at Cannes, having genuinely neutral ground — away from branded beach activations — makes a real difference when you need honest client conversations. The space is available for private briefings throughout the week.

We are also hosting a private Diaspora Dinner on 23rd June and running a fringe event concierge — 2,500+ events that week, we handle the RSVPs so you do not miss the ones worth attending.

Happy to share more.

Amber Jacobs | Community Manager, Indvstry Clvb"
"Kainaz Karmakar","Kainaz","Chief Creative Officer","Ogilvy","https://www.linkedin.com/in/kainaz-karmakar-63110a11/","agency_cco","Hi Kainaz — saw you're on the Cannes Lions programme. We're running Indvstry Power House, a private villa with AV studio + no-pitch policy. Great for client sessions, roundtables or recordings. Private dinner 23 Jun + fringe RSVP service.","Hi Kainaz,

We are running Indvstry Power House during Cannes Lions week — a private villa with dedicated AV and content capture facilities, daily shuttles to La Croisette, and a strict no-pitch policy.

For agency creative leaders on the programme, the space works well as a studio: somewhere to record a session, host a small client roundtable, or simply have a real conversation away from the Palais.

We are also hosting a private Diaspora Dinner on 23rd June for a select group of senior creatives, and running a fringe event RSVP concierge — 2,500+ events that week, we handle the registrations.

Worth a quick word?

Amber Jacobs | Community Manager, Indvstry Clvb"
"Gautam Wadher","Gautam","Chief Creative Officer","Memac Ogilvy","https://www.linkedin.com/in/gautamwadher/","agency_cco","Hi Gautam — saw you're on the Cannes Lions programme. We're running Indvstry Power House, a private villa with AV studio + no-pitch policy. Great for client sessions, roundtables or recordings. Private dinner 23 Jun + fringe RSVP service.","Hi Gautam,

We are running Indvstry Power House during Cannes Lions week — a private villa with dedicated AV and content capture facilities, daily shuttles to La Croisette, and a strict no-pitch policy.

For agency creative leaders on the programme, the space works well as a studio: somewhere to record a session, host a small client roundtable, or simply have a real conversation away from the Palais.

We are also hosting a private Diaspora Dinner on 23rd June for a select group of senior creatives, and running a fringe event RSVP concierge — 2,500+ events that week, we handle the registrations.

Worth a quick word?

Amber Jacobs | Community Manager, Indvstry Clvb"
"Giant Kung","Giant","Chief Creative Officer","Ogilvy Taiwan","https://www.linkedin.com/in/giantkung/","agency_cco","Hi Giant — saw you're on the Cannes Lions programme. We're running Indvstry Power House, a private villa with AV studio + no-pitch policy. Great for client sessions, roundtables or recordings. Private dinner 23 Jun + fringe RSVP service.","Hi Giant,

We are running Indvstry Power House during Cannes Lions week — a private villa with dedicated AV and content capture facilities, daily shuttles to La Croisette, and a strict no-pitch policy.

For agency creative leaders on the programme, the space works well as a studio: somewhere to record a session, host a small client roundtable, or simply have a real conversation away from the Palais.

We are also hosting a private Diaspora Dinner on 23rd June for a select group of senior creatives, and running a fringe event RSVP concierge — 2,500+ events that week, we handle the registrations.

Worth a quick word?

Amber Jacobs | Community Manager, Indvstry Clvb"
"Neo Makhele","Neo","Chief Strategy Officer","Ogilvy South Africa","https://www.linkedin.com/in/neomakhele/","agency_cso","Hi Neo — saw you're speaking at Cannes Lions this year. We're running Indvstry Power House, a private villa — no-pitch zone, content studio, private dinner 23 Jun + fringe event RSVP service for guests. Would love to connect.","Hi Neo,

We are running Indvstry Power House during Cannes Lions week — a private villa with daily shuttles to La Croisette, content facilities, and a no-pitch policy. A number of strategy leaders on this year's programme are using it for private client sessions and off-schedule conversations.

We are also hosting a private Diaspora Dinner on 23rd June — a small group of senior agency and brand leaders, entirely off the official schedule.

And a useful extra: we run a fringe event RSVP concierge for guests — with 2,500+ events that week, we handle registrations so you do not miss the ones that matter.

Happy to share more.

Amber Jacobs | Community Manager, Indvstry Clvb"
"Juan Manuel Gaitan","Juan","Chief Creative Officer","Ogilvy Dominican Republic","https://www.linkedin.com/in/juanmanuelgaitan/","agency_cco","Hi Juan — saw you're on the Cannes Lions programme. We're running Indvstry Power House, a private villa with AV studio + no-pitch policy. Great for client sessions, roundtables or recordings. Private dinner 23 Jun + fringe RSVP service.","Hi Juan,

We are running Indvstry Power House during Cannes Lions week — a private villa with dedicated AV and content capture facilities, daily shuttles to La Croisette, and a strict no-pitch policy.

For agency creative leaders on the programme, the space works well as a studio: somewhere to record a session, host a small client roundtable, or simply have a real conversation away from the Palais.

We are also hosting a private Diaspora Dinner on 23rd June for a select group of senior creatives, and running a fringe event RSVP concierge — 2,500+ events that week, we handle the registrations.

Worth a quick word?

Amber Jacobs | Community Manager, Indvstry Clvb"
"Rafael Donato","Rafael","Chief Creative Officer","Ogilvy Brasil","https://www.linkedin.com/in/rafaeldonato/","agency_cco","Hi Rafael — saw you're on the Cannes Lions programme. We're running Indvstry Power House, a private villa with AV studio + no-pitch policy. Great for client sessions, roundtables or recordings. Private dinner 23 Jun + fringe RSVP service.","Hi Rafael,

We are running Indvstry Power House during Cannes Lions week — a private villa with dedicated AV and content capture facilities, daily shuttles to La Croisette, and a strict no-pitch policy.

For agency creative leaders on the programme, the space works well as a studio: somewhere to record a session, host a small client roundtable, or simply have a real conversation away from the Palais.

We are also hosting a private Diaspora Dinner on 23rd June for a select group of senior creatives, and running a fringe event RSVP concierge — 2,500+ events that week, we handle the registrations.

Worth a quick word?

Amber Jacobs | Community Manager, Indvstry Clvb"
"Zoe Hamilton","Zoe","Global Chief Strategy Officer for Unilever","Ogilvy","https://www.linkedin.com/in/zoehamilton/","agency_cso","Hi Zoe — saw you're speaking at Cannes Lions this year. We're running Indvstry Power House, a private villa — no-pitch zone, content studio, private dinner 23 Jun + fringe event RSVP service for guests. Would love to connect.","Hi Zoe,

We are running Indvstry Power House during Cannes Lions week — a private villa with daily shuttles to La Croisette, content facilities, and a no-pitch policy. A number of strategy leaders on this year's programme are using it for private client sessions and off-schedule conversations.

We are also hosting a private Diaspora Dinner on 23rd June — a small group of senior agency and brand leaders, entirely off the official schedule.

And a useful extra: we run a fringe event RSVP concierge for guests — with 2,500+ events that week, we handle registrations so you do not miss the ones that matter.

Happy to share more.

Amber Jacobs | Community Manager, Indvstry Clvb"
"Susan Credle","Susan","Global Creative Advisor","Omnicom","https://www.linkedin.com/in/susan-credle-a16086b/","agency_cco","Hi Susan — saw you're on the Cannes Lions programme. We're running Indvstry Power House, a private villa with AV studio + no-pitch policy. Great for client sessions, roundtables or recordings. Private dinner 23 Jun + fringe RSVP service.","Hi Susan,

We are running Indvstry Power House during Cannes Lions week — a private villa with dedicated AV and content capture facilities, daily shuttles to La Croisette, and a strict no-pitch policy.

For agency creative leaders on the programme, the space works well as a studio: somewhere to record a session, host a small client roundtable, or simply have a real conversation away from the Palais.

We are also hosting a private Diaspora Dinner on 23rd June for a select group of senior creatives, and running a fringe event RSVP concierge — 2,500+ events that week, we handle the registrations.

Worth a quick word?

Amber Jacobs | Community Manager, Indvstry Clvb"
"Glen Lomas","Glen","CEO Europe","Omnicom Advertising","https://www.linkedin.com/in/glenlomas/","network_ceo","Hi Glen — saw you're on the Cannes Lions programme this year. We're running Indvstry Power House, a private villa during festival week — no-pitch, AV studio, private dinner 23 Jun + fringe event RSVP service. Worth connecting.","Hi Glen,

We are running Indvstry Power House during Cannes Lions week — a private villa with daily shuttles to La Croisette, content facilities, and a no-pitch policy. Several agency network leaders are using the space for private client sessions and off-schedule conversations away from the Palais.

We are also hosting a private Diaspora Dinner on Tuesday 23rd June — a small, curated group of senior industry leaders entirely off the official schedule.

One more thing: we run a fringe event RSVP concierge for guests. With 2,500+ events that week, we handle the registrations so the right ones are confirmed without the admin.

Happy to share more.

Amber Jacobs | Community Manager, Indvstry Clvb"
"Allison Ceraso","Allison","Chief Creative Officer","Digitas Health","https://www.linkedin.com/in/allison-ceraso-9418654/","agency_cco","Hi Allison — saw you're on the Cannes Lions programme. We're running Indvstry Power House, a private villa with AV studio + no-pitch policy. Great for client sessions, roundtables or recordings. Private dinner 23 Jun + fringe RSVP service.","Hi Allison,

We are running Indvstry Power House during Cannes Lions week — a private villa with dedicated AV and content capture facilities, daily shuttles to La Croisette, and a strict no-pitch policy.

For agency creative leaders on the programme, the space works well as a studio: somewhere to record a session, host a small client roundtable, or simply have a real conversation away from the Palais.

We are also hosting a private Diaspora Dinner on 23rd June for a select group of senior creatives, and running a fringe event RSVP concierge — 2,500+ events that week, we handle the registrations.

Worth a quick word?

Amber Jacobs | Community Manager, Indvstry Clvb"
"Amanda Fuller","Amanda","Managing Partner","Omnicom Health Oceania","https://www.linkedin.com/in/amanda-fuller-0857313/","network_ceo","Hi Amanda — saw you're on the Cannes Lions programme this year. We're running Indvstry Power House, a private villa during festival week — no-pitch, AV studio, private dinner 23 Jun + fringe event RSVP service. Worth connecting.","Hi Amanda,

We are running Indvstry Power House during Cannes Lions week — a private villa with daily shuttles to La Croisette, content facilities, and a no-pitch policy. Several agency network leaders are using the space for private client sessions and off-schedule conversations away from the Palais.

We are also hosting a private Diaspora Dinner on Tuesday 23rd June — a small, curated group of senior industry leaders entirely off the official schedule.

One more thing: we run a fringe event RSVP concierge for guests. With 2,500+ events that week, we handle the registrations so the right ones are confirmed without the admin.

Happy to share more.

Amber Jacobs | Community Manager, Indvstry Clvb"
"Severine Autret","Severine","Global Creative Excellence Lead","Opella","https://www.linkedin.com/in/severineautret/","agency_cco","Hi Severine — saw you're on the Cannes Lions programme. We're running Indvstry Power House, a private villa with AV studio + no-pitch policy. Great for client sessions, roundtables or recordings. Private dinner 23 Jun + fringe RSVP service.","Hi Severine,

We are running Indvstry Power House during Cannes Lions week — a private villa with dedicated AV and content capture facilities, daily shuttles to La Croisette, and a strict no-pitch policy.

For agency creative leaders on the programme, the space works well as a studio: somewhere to record a session, host a small client roundtable, or simply have a real conversation away from the Palais.

We are also hosting a private Diaspora Dinner on 23rd June for a select group of senior creatives, and running a fringe event RSVP concierge — 2,500+ events that week, we handle the registrations.

Worth a quick word?

Amber Jacobs | Community Manager, Indvstry Clvb"
"Andre Gray","Andre","Chief Brand Officer","Overtime","https://www.linkedin.com/in/andregray/","agency_cco","Hi Andre — saw you're on the Cannes Lions programme. We're running Indvstry Power House, a private villa with AV studio + no-pitch policy. Great for client sessions, roundtables or recordings. Private dinner 23 Jun + fringe RSVP service.","Hi Andre,

We are running Indvstry Power House during Cannes Lions week — a private villa with dedicated AV and content capture facilities, daily shuttles to La Croisette, and a strict no-pitch policy.

For agency creative leaders on the programme, the space works well as a studio: somewhere to record a session, host a small client roundtable, or simply have a real conversation away from the Palais.

We are also hosting a private Diaspora Dinner on 23rd June for a select group of senior creatives, and running a fringe event RSVP concierge — 2,500+ events that week, we handle the registrations.

Worth a quick word?

Amber Jacobs | Community Manager, Indvstry Clvb"
"Jane Wakely","Jane","EVP Chief Consumer & Marketing Officer","PepsiCo","https://www.linkedin.com/in/janewakely/","agency_cco","Hi Jane — saw you're on the Cannes Lions programme. We're running Indvstry Power House, a private villa with AV studio + no-pitch policy. Great for client sessions, roundtables or recordings. Private dinner 23 Jun + fringe RSVP service.","Hi Jane,

We are running Indvstry Power House during Cannes Lions week — a private villa with dedicated AV and content capture facilities, daily shuttles to La Croisette, and a strict no-pitch policy.

For agency creative leaders on the programme, the space works well as a studio: somewhere to record a session, host a small client roundtable, or simply have a real conversation away from the Palais.

We are also hosting a private Diaspora Dinner on 23rd June for a select group of senior creatives, and running a fringe event RSVP concierge — 2,500+ events that week, we handle the registrations.

Worth a quick word?

Amber Jacobs | Community Manager, Indvstry Clvb"
"Sarah Lemarie","Sarah","Chief Strategy Officer","Publicis France","https://www.linkedin.com/in/sarah-lemarie-a279312b/","agency_cso","Hi Sarah — saw you're speaking at Cannes Lions this year. We're running Indvstry Power House, a private villa — no-pitch zone, content studio, private dinner 23 Jun + fringe event RSVP service for guests. Would love to connect.","Hi Sarah,

We are running Indvstry Power House during Cannes Lions week — a private villa with daily shuttles to La Croisette, content facilities, and a no-pitch policy. A number of strategy leaders on this year's programme are using it for private client sessions and off-schedule conversations.

We are also hosting a private Diaspora Dinner on 23rd June — a small group of senior agency and brand leaders, entirely off the official schedule.

And a useful extra: we run a fringe event RSVP concierge for guests — with 2,500+ events that week, we handle registrations so you do not miss the ones that matter.

Happy to share more.

Amber Jacobs | Community Manager, Indvstry Clvb"
"Agathe Bousquet","Agathe","President","Publicis Groupe France","https://www.linkedin.com/in/agathe-bousquet-63303623/","network_ceo","Hi Agathe — saw you're on the Cannes Lions programme this year. We're running Indvstry Power House, a private villa during festival week — no-pitch, AV studio, private dinner 23 Jun + fringe event RSVP service. Worth connecting.","Hi Agathe,

We are running Indvstry Power House during Cannes Lions week — a private villa with daily shuttles to La Croisette, content facilities, and a no-pitch policy. Several agency network leaders are using the space for private client sessions and off-schedule conversations away from the Palais.

We are also hosting a private Diaspora Dinner on Tuesday 23rd June — a small, curated group of senior industry leaders entirely off the official schedule.

One more thing: we run a fringe event RSVP concierge for guests. With 2,500+ events that week, we handle the registrations so the right ones are confirmed without the admin.

Happy to share more.

Amber Jacobs | Community Manager, Indvstry Clvb"
"Ian Loon","Ian","CEO Media & Digital Singapore","Publicis Groupe","https://www.linkedin.com/in/ianloon/","network_ceo","Hi Ian — saw you're on the Cannes Lions programme this year. We're running Indvstry Power House, a private villa during festival week — no-pitch, AV studio, private dinner 23 Jun + fringe event RSVP service. Worth connecting.","Hi Ian,

We are running Indvstry Power House during Cannes Lions week — a private villa with daily shuttles to La Croisette, content facilities, and a no-pitch policy. Several agency network leaders are using the space for private client sessions and off-schedule conversations away from the Palais.

We are also hosting a private Diaspora Dinner on Tuesday 23rd June — a small, curated group of senior industry leaders entirely off the official schedule.

One more thing: we run a fringe event RSVP concierge for guests. With 2,500+ events that week, we handle the registrations so the right ones are confirmed without the admin.

Happy to share more.

Amber Jacobs | Community Manager, Indvstry Clvb"
"Marcelo Vergara","Marcelo","Executive Creative Director","Publicis Conseil","https://www.linkedin.com/in/marcelo-vergara-052a3821/","tech_data","Hi Marcelo — saw you're on the Cannes Lions programme this year. We're running Indvstry Power House, a private villa — no-pitch, AV studio, neutral briefing space. Private dinner 23 Jun + fringe RSVP service. Worth connecting.","Hi Marcelo,

We are running Indvstry Power House during Cannes Lions week — a private villa with daily shuttles to La Croisette, AV facilities, and a strictly no-pitch environment.

For data and technology leaders at Cannes, having genuinely neutral ground — away from branded beach activations — makes a real difference when you need honest client conversations. The space is available for private briefings throughout the week.

We are also hosting a private Diaspora Dinner on 23rd June and running a fringe event concierge — 2,500+ events that week, we handle the RSVPs so you do not miss the ones worth attending.

Happy to share more.

Amber Jacobs | Community Manager, Indvstry Clvb"
"Tato Bono","Tato","President","Publicis Production","https://www.linkedin.com/in/tatobono/","network_ceo","Hi Tato — saw you're on the Cannes Lions programme this year. We're running Indvstry Power House, a private villa during festival week — no-pitch, AV studio, private dinner 23 Jun + fringe event RSVP service. Worth connecting.","Hi Tato,

We are running Indvstry Power House during Cannes Lions week — a private villa with daily shuttles to La Croisette, content facilities, and a no-pitch policy. Several agency network leaders are using the space for private client sessions and off-schedule conversations away from the Palais.

We are also hosting a private Diaspora Dinner on Tuesday 23rd June — a small, curated group of senior industry leaders entirely off the official schedule.

One more thing: we run a fringe event RSVP concierge for guests. With 2,500+ events that week, we handle the registrations so the right ones are confirmed without the admin.

Happy to share more.

Amber Jacobs | Community Manager, Indvstry Clvb"
"Jason Williams","Jason","Head of Creative Excellence APAC","Publicis Groupe","https://www.linkedin.com/in/jasonwilliams/","agency_cco","Hi Jason — saw you're on the Cannes Lions programme. We're running Indvstry Power House, a private villa with AV studio + no-pitch policy. Great for client sessions, roundtables or recordings. Private dinner 23 Jun + fringe RSVP service.","Hi Jason,

We are running Indvstry Power House during Cannes Lions week — a private villa with dedicated AV and content capture facilities, daily shuttles to La Croisette, and a strict no-pitch policy.

For agency creative leaders on the programme, the space works well as a studio: somewhere to record a session, host a small client roundtable, or simply have a real conversation away from the Palais.

We are also hosting a private Diaspora Dinner on 23rd June for a select group of senior creatives, and running a fringe event RSVP concierge — 2,500+ events that week, we handle the registrations.

Worth a quick word?

Amber Jacobs | Community Manager, Indvstry Clvb"
"Fizo Younis","Fizo","Chief Creative Officer Middle East","Publicis Groupe","https://www.linkedin.com/in/fizoyounis/","agency_cco","Hi Fizo — saw you're on the Cannes Lions programme. We're running Indvstry Power House, a private villa with AV studio + no-pitch policy. Great for client sessions, roundtables or recordings. Private dinner 23 Jun + fringe RSVP service.","Hi Fizo,

We are running Indvstry Power House during Cannes Lions week — a private villa with dedicated AV and content capture facilities, daily shuttles to La Croisette, and a strict no-pitch policy.

For agency creative leaders on the programme, the space works well as a studio: somewhere to record a session, host a small client roundtable, or simply have a real conversation away from the Palais.

We are also hosting a private Diaspora Dinner on 23rd June for a select group of senior creatives, and running a fringe event RSVP concierge — 2,500+ events that week, we handle the registrations.

Worth a quick word?

Amber Jacobs | Community Manager, Indvstry Clvb"
"Maud Robaglia","Maud","Head of Art","Publicis Conseil","https://www.linkedin.com/in/maudrobaglia/","agency_cco","Hi Maud — saw you're on the Cannes Lions programme. We're running Indvstry Power House, a private villa with AV studio + no-pitch policy. Great for client sessions, roundtables or recordings. Private dinner 23 Jun + fringe RSVP service.","Hi Maud,

We are running Indvstry Power House during Cannes Lions week — a private villa with dedicated AV and content capture facilities, daily shuttles to La Croisette, and a strict no-pitch policy.

For agency creative leaders on the programme, the space works well as a studio: somewhere to record a session, host a small client roundtable, or simply have a real conversation away from the Palais.

We are also hosting a private Diaspora Dinner on 23rd June for a select group of senior creatives, and running a fringe event RSVP concierge — 2,500+ events that week, we handle the registrations.

Worth a quick word?

Amber Jacobs | Community Manager, Indvstry Clvb"
"Megha Dutta","Megha","Executive Creative Director","The Partnership Africa / Publicis","https://www.linkedin.com/in/meghadutta/","tech_data","Hi Megha — saw you're on the Cannes Lions programme this year. We're running Indvstry Power House, a private villa — no-pitch, AV studio, neutral briefing space. Private dinner 23 Jun + fringe RSVP service. Worth connecting.","Hi Megha,

We are running Indvstry Power House during Cannes Lions week — a private villa with daily shuttles to La Croisette, AV facilities, and a strictly no-pitch environment.

For data and technology leaders at Cannes, having genuinely neutral ground — away from branded beach activations — makes a real difference when you need honest client conversations. The space is available for private briefings throughout the week.

We are also hosting a private Diaspora Dinner on 23rd June and running a fringe event concierge — 2,500+ events that week, we handle the RSVPs so you do not miss the ones worth attending.

Happy to share more.

Amber Jacobs | Community Manager, Indvstry Clvb"
"Koert Bakker","Koert","Head of Insights & Innovation","PwC Netherlands","https://www.linkedin.com/in/koertbakker/","tech_data","Hi Koert — saw you're on the Cannes Lions programme this year. We're running Indvstry Power House, a private villa — no-pitch, AV studio, neutral briefing space. Private dinner 23 Jun + fringe RSVP service. Worth connecting.","Hi Koert,

We are running Indvstry Power House during Cannes Lions week — a private villa with daily shuttles to La Croisette, AV facilities, and a strictly no-pitch environment.

For data and technology leaders at Cannes, having genuinely neutral ground — away from branded beach activations — makes a real difference when you need honest client conversations. The space is available for private briefings throughout the week.

We are also hosting a private Diaspora Dinner on 23rd June and running a fringe event concierge — 2,500+ events that week, we handle the RSVPs so you do not miss the ones worth attending.

Happy to share more.

Amber Jacobs | Community Manager, Indvstry Clvb"
"Ben Miles","Ben","Chief Design Officer","R/GA","https://www.linkedin.com/in/ben-miles-8588521/","agency_cco","Hi Ben — saw you're on the Cannes Lions programme. We're running Indvstry Power House, a private villa with AV studio + no-pitch policy. Great for client sessions, roundtables or recordings. Private dinner 23 Jun + fringe RSVP service.","Hi Ben,

We are running Indvstry Power House during Cannes Lions week — a private villa with dedicated AV and content capture facilities, daily shuttles to La Croisette, and a strict no-pitch policy.

For agency creative leaders on the programme, the space works well as a studio: somewhere to record a session, host a small client roundtable, or simply have a real conversation away from the Palais.

We are also hosting a private Diaspora Dinner on 23rd June for a select group of senior creatives, and running a fringe event RSVP concierge — 2,500+ events that week, we handle the registrations.

Worth a quick word?

Amber Jacobs | Community Manager, Indvstry Clvb"
"Aaron Starkman","Aaron","Global CCO","Rethink","https://www.linkedin.com/in/aaronstarkman/","jury_president","Hi Aaron — congrats on the Jury President role at Cannes Lions. We're running Indvstry Power House, a private villa during festival week — no-pitch zone, daily shuttles, private dinner 23 Jun. Would love to connect.","Hi Aaron,

Congratulations on the Jury President role — that is going to be a busy week.

We are running Indvstry Power House during Cannes Lions: a private villa with daily shuttles to La Croisette, AV and content facilities, and a strict no-pitch policy. A number of this year's jury members are using it as a proper base to decompress between sessions.

We are also hosting a private Diaspora Dinner on Tuesday 23rd June — 30 guests, off-schedule, the right people in one room.

And with 2,500+ fringe events happening that week, we run a concierge RSVP service for guests so the ones that matter are locked in without the admin.

Would love to share more if useful.

Amber Jacobs | Community Manager, Indvstry Clvb"
"Pip Smart","Pip","Executive Producer and Partner","Revolver","https://www.linkedin.com/in/pipsmart/","agency_cco","Hi Pip — saw you're on the Cannes Lions programme. We're running Indvstry Power House, a private villa with AV studio + no-pitch policy. Great for client sessions, roundtables or recordings. Private dinner 23 Jun + fringe RSVP service.","Hi Pip,

We are running Indvstry Power House during Cannes Lions week — a private villa with dedicated AV and content capture facilities, daily shuttles to La Croisette, and a strict no-pitch policy.

For agency creative leaders on the programme, the space works well as a studio: somewhere to record a session, host a small client roundtable, or simply have a real conversation away from the Palais.

We are also hosting a private Diaspora Dinner on 23rd June for a select group of senior creatives, and running a fringe event RSVP concierge — 2,500+ events that week, we handle the registrations.

Worth a quick word?

Amber Jacobs | Community Manager, Indvstry Clvb"
"Yasmin Sindi","Yasmin","Senior Creative Director","Saatchi & Saatchi","https://www.linkedin.com/in/yasminsindi/","tech_data","Hi Yasmin — saw you're on the Cannes Lions programme this year. We're running Indvstry Power House, a private villa — no-pitch, AV studio, neutral briefing space. Private dinner 23 Jun + fringe RSVP service. Worth connecting.","Hi Yasmin,

We are running Indvstry Power House during Cannes Lions week — a private villa with daily shuttles to La Croisette, AV facilities, and a strictly no-pitch environment.

For data and technology leaders at Cannes, having genuinely neutral ground — away from branded beach activations — makes a real difference when you need honest client conversations. The space is available for private briefings throughout the week.

We are also hosting a private Diaspora Dinner on 23rd June and running a fringe event concierge — 2,500+ events that week, we handle the RSVPs so you do not miss the ones worth attending.

Happy to share more.

Amber Jacobs | Community Manager, Indvstry Clvb"
"Zizwe Vundla","Zizwe","Chief Marketing Officer","Safaricom / M-PESA","https://www.linkedin.com/in/zizwe-vundla-90234710/","cmo_brand","Hi Zizwe — saw you're speaking at Cannes Lions this year. We're running Indvstry Power House, a private villa at Cannes — no-pitch zone, client briefing space, private dinner 23 Jun + fringe RSVP service. Worth connecting.","Hi Zizwe,

We are running Indvstry Power House during Cannes Lions week — a private villa with daily shuttles to La Croisette, AV facilities, and a strictly no-pitch, no-branded environment.

For CMOs on the programme, the space works particularly well as neutral ground for client and agency conversations — a proper room away from beach clubs and Palais chaos.

We are also hosting a private Diaspora Dinner on 23rd June and running a fringe event RSVP concierge — over 2,500 events that week, we handle registrations so you show up to the ones that matter.

Happy to share more.

Amber Jacobs | Community Manager, Indvstry Clvb"
"Michael Wilk","Michael","Global Head of Art","Serviceplan Group","https://www.linkedin.com/in/michaelwilk/","agency_cco","Hi Michael — saw you're on the Cannes Lions programme. We're running Indvstry Power House, a private villa with AV studio + no-pitch policy. Great for client sessions, roundtables or recordings. Private dinner 23 Jun + fringe RSVP service.","Hi Michael,

We are running Indvstry Power House during Cannes Lions week — a private villa with dedicated AV and content capture facilities, daily shuttles to La Croisette, and a strict no-pitch policy.

For agency creative leaders on the programme, the space works well as a studio: somewhere to record a session, host a small client roundtable, or simply have a real conversation away from the Palais.

We are also hosting a private Diaspora Dinner on 23rd June for a select group of senior creatives, and running a fringe event RSVP concierge — 2,500+ events that week, we handle the registrations.

Worth a quick word?

Amber Jacobs | Community Manager, Indvstry Clvb"
"Hannah Johnson","Hannah","Head of Creative Strategy DACH","Snap Inc.","https://www.linkedin.com/in/hannahjohnson/","agency_cco","Hi Hannah — saw you're on the Cannes Lions programme. We're running Indvstry Power House, a private villa with AV studio + no-pitch policy. Great for client sessions, roundtables or recordings. Private dinner 23 Jun + fringe RSVP service.","Hi Hannah,

We are running Indvstry Power House during Cannes Lions week — a private villa with dedicated AV and content capture facilities, daily shuttles to La Croisette, and a strict no-pitch policy.

For agency creative leaders on the programme, the space works well as a studio: somewhere to record a session, host a small client roundtable, or simply have a real conversation away from the Palais.

We are also hosting a private Diaspora Dinner on 23rd June for a select group of senior creatives, and running a fringe event RSVP concierge — 2,500+ events that week, we handle the registrations.

Worth a quick word?

Amber Jacobs | Community Manager, Indvstry Clvb"
"Prerna Suri","Prerna","VP Communications","Sony Music Entertainment","https://www.linkedin.com/in/prernasuri/","agency_cco","Hi Prerna — saw you're on the Cannes Lions programme. We're running Indvstry Power House, a private villa with AV studio + no-pitch policy. Great for client sessions, roundtables or recordings. Private dinner 23 Jun + fringe RSVP service.","Hi Prerna,

We are running Indvstry Power House during Cannes Lions week — a private villa with dedicated AV and content capture facilities, daily shuttles to La Croisette, and a strict no-pitch policy.

For agency creative leaders on the programme, the space works well as a studio: somewhere to record a session, host a small client roundtable, or simply have a real conversation away from the Palais.

We are also hosting a private Diaspora Dinner on 23rd June for a select group of senior creatives, and running a fringe event RSVP concierge — 2,500+ events that week, we handle the registrations.

Worth a quick word?

Amber Jacobs | Community Manager, Indvstry Clvb"
"Kendra Hatcher King","Kendra","Global Chief Design Officer","Spark Foundry","https://www.linkedin.com/in/kendrahatcherking/","agency_cco","Hi Kendra — saw you're on the Cannes Lions programme. We're running Indvstry Power House, a private villa with AV studio + no-pitch policy. Great for client sessions, roundtables or recordings. Private dinner 23 Jun + fringe RSVP service.","Hi Kendra,

We are running Indvstry Power House during Cannes Lions week — a private villa with dedicated AV and content capture facilities, daily shuttles to La Croisette, and a strict no-pitch policy.

For agency creative leaders on the programme, the space works well as a studio: somewhere to record a session, host a small client roundtable, or simply have a real conversation away from the Palais.

We are also hosting a private Diaspora Dinner on 23rd June for a select group of senior creatives, and running a fringe event RSVP concierge — 2,500+ events that week, we handle the registrations.

Worth a quick word?

Amber Jacobs | Community Manager, Indvstry Clvb"
"Phiona Okumu","Phiona","Head of Music, Sub-Saharan Africa","Spotify","https://www.linkedin.com/in/phionaokumu/","agency_cco","Hi Phiona — saw you're on the Cannes Lions programme. We're running Indvstry Power House, a private villa with AV studio + no-pitch policy. Great for client sessions, roundtables or recordings. Private dinner 23 Jun + fringe RSVP service.","Hi Phiona,

We are running Indvstry Power House during Cannes Lions week — a private villa with dedicated AV and content capture facilities, daily shuttles to La Croisette, and a strict no-pitch policy.

For agency creative leaders on the programme, the space works well as a studio: somewhere to record a session, host a small client roundtable, or simply have a real conversation away from the Palais.

We are also hosting a private Diaspora Dinner on 23rd June for a select group of senior creatives, and running a fringe event RSVP concierge — 2,500+ events that week, we handle the registrations.

Worth a quick word?

Amber Jacobs | Community Manager, Indvstry Clvb"
"Vinicius Reis","Vinicius","Partner and CEO","Crispin and Stagwell","https://www.linkedin.com/in/viniciusbreis/","network_ceo","Hi Vinicius — saw you're on the Cannes Lions programme this year. We're running Indvstry Power House, a private villa during festival week — no-pitch, AV studio, private dinner 23 Jun + fringe event RSVP service. Worth connecting.","Hi Vinicius,

We are running Indvstry Power House during Cannes Lions week — a private villa with daily shuttles to La Croisette, content facilities, and a no-pitch policy. Several agency network leaders are using the space for private client sessions and off-schedule conversations away from the Palais.

We are also hosting a private Diaspora Dinner on Tuesday 23rd June — a small, curated group of senior industry leaders entirely off the official schedule.

One more thing: we run a fringe event RSVP concierge for guests. With 2,500+ events that week, we handle the registrations so the right ones are confirmed without the admin.

Happy to share more.

Amber Jacobs | Community Manager, Indvstry Clvb"
"Gabriel Caramelo Eccher","Gabriel","Marketing VP Clash Royale","Supercell","https://www.linkedin.com/in/gabriel-caramelo-eccher-014a4013/","agency_cco","Hi Gabriel — saw you're on the Cannes Lions programme. We're running Indvstry Power House, a private villa with AV studio + no-pitch policy. Great for client sessions, roundtables or recordings. Private dinner 23 Jun + fringe RSVP service.","Hi Gabriel,

We are running Indvstry Power House during Cannes Lions week — a private villa with dedicated AV and content capture facilities, daily shuttles to La Croisette, and a strict no-pitch policy.

For agency creative leaders on the programme, the space works well as a studio: somewhere to record a session, host a small client roundtable, or simply have a real conversation away from the Palais.

We are also hosting a private Diaspora Dinner on 23rd June for a select group of senior creatives, and running a fringe event RSVP concierge — 2,500+ events that week, we handle the registrations.

Worth a quick word?

Amber Jacobs | Community Manager, Indvstry Clvb"
"Chaka Sobhani","Chaka","Global CCO","TBWA Worldwide","https://www.linkedin.com/in/chakasobhani/","agency_cco","Hi Chaka — saw you're on the Cannes Lions programme. We're running Indvstry Power House, a private villa with AV studio + no-pitch policy. Great for client sessions, roundtables or recordings. Private dinner 23 Jun + fringe RSVP service.","Hi Chaka,

We are running Indvstry Power House during Cannes Lions week — a private villa with dedicated AV and content capture facilities, daily shuttles to La Croisette, and a strict no-pitch policy.

For agency creative leaders on the programme, the space works well as a studio: somewhere to record a session, host a small client roundtable, or simply have a real conversation away from the Palais.

We are also hosting a private Diaspora Dinner on 23rd June for a select group of senior creatives, and running a fringe event RSVP concierge — 2,500+ events that week, we handle the registrations.

Worth a quick word?

Amber Jacobs | Community Manager, Indvstry Clvb"
"Jen Costello","Jen","Global Chief Strategy Officer","TBWA Worldwide","https://www.linkedin.com/in/jencostello/","agency_cso","Hi Jen — saw you're speaking at Cannes Lions this year. We're running Indvstry Power House, a private villa — no-pitch zone, content studio, private dinner 23 Jun + fringe event RSVP service for guests. Would love to connect.","Hi Jen,

We are running Indvstry Power House during Cannes Lions week — a private villa with daily shuttles to La Croisette, content facilities, and a no-pitch policy. A number of strategy leaders on this year's programme are using it for private client sessions and off-schedule conversations.

We are also hosting a private Diaspora Dinner on 23rd June — a small group of senior agency and brand leaders, entirely off the official schedule.

And a useful extra: we run a fringe event RSVP concierge for guests — with 2,500+ events that week, we handle registrations so you do not miss the ones that matter.

Happy to share more.

Amber Jacobs | Community Manager, Indvstry Clvb"
"Zuza Duchniewska-Sobczak","Zuza","Chief Creative Officer","TBWA Warsaw","https://www.linkedin.com/in/zuza-duchniewska-sobczak-a279312b/","agency_cco","Hi Zuza — saw you're on the Cannes Lions programme. We're running Indvstry Power House, a private villa with AV studio + no-pitch policy. Great for client sessions, roundtables or recordings. Private dinner 23 Jun + fringe RSVP service.","Hi Zuza,

We are running Indvstry Power House during Cannes Lions week — a private villa with dedicated AV and content capture facilities, daily shuttles to La Croisette, and a strict no-pitch policy.

For agency creative leaders on the programme, the space works well as a studio: somewhere to record a session, host a small client roundtable, or simply have a real conversation away from the Palais.

We are also hosting a private Diaspora Dinner on 23rd June for a select group of senior creatives, and running a fringe event RSVP concierge — 2,500+ events that week, we handle the registrations.

Worth a quick word?

Amber Jacobs | Community Manager, Indvstry Clvb"
"Xavier Serrano","Xavier","CEO","TBWA Colombia","https://www.linkedin.com/in/xavierserrano/","network_ceo","Hi Xavier — saw you're on the Cannes Lions programme this year. We're running Indvstry Power House, a private villa during festival week — no-pitch, AV studio, private dinner 23 Jun + fringe event RSVP service. Worth connecting.","Hi Xavier,

We are running Indvstry Power House during Cannes Lions week — a private villa with daily shuttles to La Croisette, content facilities, and a no-pitch policy. Several agency network leaders are using the space for private client sessions and off-schedule conversations away from the Palais.

We are also hosting a private Diaspora Dinner on Tuesday 23rd June — a small, curated group of senior industry leaders entirely off the official schedule.

One more thing: we run a fringe event RSVP concierge for guests. With 2,500+ events that week, we handle the registrations so the right ones are confirmed without the admin.

Happy to share more.

Amber Jacobs | Community Manager, Indvstry Clvb"
"Beto Nahmad","Beto","Executive Creative Director","VCCP Spain","https://www.linkedin.com/in/betonahmad/","tech_data","Hi Beto — saw you're on the Cannes Lions programme this year. We're running Indvstry Power House, a private villa — no-pitch, AV studio, neutral briefing space. Private dinner 23 Jun + fringe RSVP service. Worth connecting.","Hi Beto,

We are running Indvstry Power House during Cannes Lions week — a private villa with daily shuttles to La Croisette, AV facilities, and a strictly no-pitch environment.

For data and technology leaders at Cannes, having genuinely neutral ground — away from branded beach activations — makes a real difference when you need honest client conversations. The space is available for private briefings throughout the week.

We are also hosting a private Diaspora Dinner on 23rd June and running a fringe event concierge — 2,500+ events that week, we handle the RSVPs so you do not miss the ones worth attending.

Happy to share more.

Amber Jacobs | Community Manager, Indvstry Clvb"
"Derek Green","Derek","Chief Creative Officer","TBWA RAAD","https://www.linkedin.com/in/derekgreen/","agency_cco","Hi Derek — saw you're on the Cannes Lions programme. We're running Indvstry Power House, a private villa with AV studio + no-pitch policy. Great for client sessions, roundtables or recordings. Private dinner 23 Jun + fringe RSVP service.","Hi Derek,

We are running Indvstry Power House during Cannes Lions week — a private villa with dedicated AV and content capture facilities, daily shuttles to La Croisette, and a strict no-pitch policy.

For agency creative leaders on the programme, the space works well as a studio: somewhere to record a session, host a small client roundtable, or simply have a real conversation away from the Palais.

We are also hosting a private Diaspora Dinner on 23rd June for a select group of senior creatives, and running a fringe event RSVP concierge — 2,500+ events that week, we handle the registrations.

Worth a quick word?

Amber Jacobs | Community Manager, Indvstry Clvb"
"Yoshihiro Kono","Yoshihiro","Senior Art Director","TBWA Hakuhodo","https://www.linkedin.com/in/yoshihirokono/","tech_data","Hi Yoshihiro — saw you're on the Cannes Lions programme this year. We're running Indvstry Power House, a private villa — no-pitch, AV studio, neutral briefing space. Private dinner 23 Jun + fringe RSVP service. Worth connecting.","Hi Yoshihiro,

We are running Indvstry Power House during Cannes Lions week — a private villa with daily shuttles to La Croisette, AV facilities, and a strictly no-pitch environment.

For data and technology leaders at Cannes, having genuinely neutral ground — away from branded beach activations — makes a real difference when you need honest client conversations. The space is available for private briefings throughout the week.

We are also hosting a private Diaspora Dinner on 23rd June and running a fringe event concierge — 2,500+ events that week, we handle the RSVPs so you do not miss the ones worth attending.

Happy to share more.

Amber Jacobs | Community Manager, Indvstry Clvb"
"Maiya Kinoshita","Maiya","Creative Director","TBWA Media Arts Lab Tokyo","https://www.linkedin.com/in/maiya-kinoshita-8588521/","tech_data","Hi Maiya — saw you're on the Cannes Lions programme this year. We're running Indvstry Power House, a private villa — no-pitch, AV studio, neutral briefing space. Private dinner 23 Jun + fringe RSVP service. Worth connecting.","Hi Maiya,

We are running Indvstry Power House during Cannes Lions week — a private villa with daily shuttles to La Croisette, AV facilities, and a strictly no-pitch environment.

For data and technology leaders at Cannes, having genuinely neutral ground — away from branded beach activations — makes a real difference when you need honest client conversations. The space is available for private briefings throughout the week.

We are also hosting a private Diaspora Dinner on 23rd June and running a fringe event concierge — 2,500+ events that week, we handle the RSVPs so you do not miss the ones worth attending.

Happy to share more.

Amber Jacobs | Community Manager, Indvstry Clvb"
"Gugu Mthembu","Gugu","Chief Marketing Officer","Telkom","https://www.linkedin.com/in/gugu-mthembu-90234710/","cmo_brand","Hi Gugu — saw you're speaking at Cannes Lions this year. We're running Indvstry Power House, a private villa at Cannes — no-pitch zone, client briefing space, private dinner 23 Jun + fringe RSVP service. Worth connecting.","Hi Gugu,

We are running Indvstry Power House during Cannes Lions week — a private villa with daily shuttles to La Croisette, AV facilities, and a strictly no-pitch, no-branded environment.

For CMOs on the programme, the space works particularly well as neutral ground for client and agency conversations — a proper room away from beach clubs and Palais chaos.

We are also hosting a private Diaspora Dinner on 23rd June and running a fringe event RSVP concierge — over 2,500 events that week, we handle registrations so you show up to the ones that matter.

Happy to share more.

Amber Jacobs | Community Manager, Indvstry Clvb"
"Brent Smart","Brent","Chief Marketing Officer","Telstra","https://www.linkedin.com/in/brentsmart/","cmo_brand","Hi Brent — saw you're speaking at Cannes Lions this year. We're running Indvstry Power House, a private villa at Cannes — no-pitch zone, client briefing space, private dinner 23 Jun + fringe RSVP service. Worth connecting.","Hi Brent,

We are running Indvstry Power House during Cannes Lions week — a private villa with daily shuttles to La Croisette, AV facilities, and a strictly no-pitch, no-branded environment.

For CMOs on the programme, the space works particularly well as neutral ground for client and agency conversations — a proper room away from beach clubs and Palais chaos.

We are also hosting a private Diaspora Dinner on 23rd June and running a fringe event RSVP concierge — over 2,500 events that week, we handle registrations so you show up to the ones that matter.

Happy to share more.

Amber Jacobs | Community Manager, Indvstry Clvb"
"Youssef Gadallah","Youssef","Head of Creative Studio","TikTok","https://www.linkedin.com/in/youssefgadallah/","agency_cco","Hi Youssef — saw you're on the Cannes Lions programme. We're running Indvstry Power House, a private villa with AV studio + no-pitch policy. Great for client sessions, roundtables or recordings. Private dinner 23 Jun + fringe RSVP service.","Hi Youssef,

We are running Indvstry Power House during Cannes Lions week — a private villa with dedicated AV and content capture facilities, daily shuttles to La Croisette, and a strict no-pitch policy.

For agency creative leaders on the programme, the space works well as a studio: somewhere to record a session, host a small client roundtable, or simply have a real conversation away from the Palais.

We are also hosting a private Diaspora Dinner on 23rd June for a select group of senior creatives, and running a fringe event RSVP concierge — 2,500+ events that week, we handle the registrations.

Worth a quick word?

Amber Jacobs | Community Manager, Indvstry Clvb"
"Toni Wallace","Toni","Partner, Head of Global Music Brand Strategy","United Talent Agency","https://www.linkedin.com/in/toniwallace/","agency_cco","Hi Toni — saw you're on the Cannes Lions programme. We're running Indvstry Power House, a private villa with AV studio + no-pitch policy. Great for client sessions, roundtables or recordings. Private dinner 23 Jun + fringe RSVP service.","Hi Toni,

We are running Indvstry Power House during Cannes Lions week — a private villa with dedicated AV and content capture facilities, daily shuttles to La Croisette, and a strict no-pitch policy.

For agency creative leaders on the programme, the space works well as a studio: somewhere to record a session, host a small client roundtable, or simply have a real conversation away from the Palais.

We are also hosting a private Diaspora Dinner on 23rd June for a select group of senior creatives, and running a fringe event RSVP concierge — 2,500+ events that week, we handle the registrations.

Worth a quick word?

Amber Jacobs | Community Manager, Indvstry Clvb"
"Monique Nelson","Monique","Executive Chair","UWG","https://www.linkedin.com/in/moniquelnelson/","agency_cco","Hi Monique — saw you're on the Cannes Lions programme. We're running Indvstry Power House, a private villa with AV studio + no-pitch policy. Great for client sessions, roundtables or recordings. Private dinner 23 Jun + fringe RSVP service.","Hi Monique,

We are running Indvstry Power House during Cannes Lions week — a private villa with dedicated AV and content capture facilities, daily shuttles to La Croisette, and a strict no-pitch policy.

For agency creative leaders on the programme, the space works well as a studio: somewhere to record a session, host a small client roundtable, or simply have a real conversation away from the Palais.

We are also hosting a private Diaspora Dinner on 23rd June for a select group of senior creatives, and running a fringe event RSVP concierge — 2,500+ events that week, we handle the registrations.

Worth a quick word?

Amber Jacobs | Community Manager, Indvstry Clvb"
"Danielle Jin","Danielle","Chief Marketing Officer Asia Pacific","Visa Inc.","https://www.linkedin.com/in/daniellejin/","cmo_brand","Hi Danielle — saw you're speaking at Cannes Lions this year. We're running Indvstry Power House, a private villa at Cannes — no-pitch zone, client briefing space, private dinner 23 Jun + fringe RSVP service. Worth connecting.","Hi Danielle,

We are running Indvstry Power House during Cannes Lions week — a private villa with daily shuttles to La Croisette, AV facilities, and a strictly no-pitch, no-branded environment.

For CMOs on the programme, the space works particularly well as neutral ground for client and agency conversations — a proper room away from beach clubs and Palais chaos.

We are also hosting a private Diaspora Dinner on 23rd June and running a fringe event RSVP concierge — over 2,500 events that week, we handle registrations so you show up to the ones that matter.

Happy to share more.

Amber Jacobs | Community Manager, Indvstry Clvb"
"Rafael Pitanguy","Rafael","Deputy Global CCO","VML","https://www.linkedin.com/in/rafael-pitanguy-33519113/","agency_cco","Hi Rafael — saw you're on the Cannes Lions programme. We're running Indvstry Power House, a private villa with AV studio + no-pitch policy. Great for client sessions, roundtables or recordings. Private dinner 23 Jun + fringe RSVP service.","Hi Rafael,

We are running Indvstry Power House during Cannes Lions week — a private villa with dedicated AV and content capture facilities, daily shuttles to La Croisette, and a strict no-pitch policy.

For agency creative leaders on the programme, the space works well as a studio: somewhere to record a session, host a small client roundtable, or simply have a real conversation away from the Palais.

We are also hosting a private Diaspora Dinner on 23rd June for a select group of senior creatives, and running a fringe event RSVP concierge — 2,500+ events that week, we handle the registrations.

Worth a quick word?

Amber Jacobs | Community Manager, Indvstry Clvb"
"Ellie Bamford","Ellie","Chief Strategy Officer North America","VML","https://www.linkedin.com/in/elliebamford/","agency_cso","Hi Ellie — saw you're speaking at Cannes Lions this year. We're running Indvstry Power House, a private villa — no-pitch zone, content studio, private dinner 23 Jun + fringe event RSVP service for guests. Would love to connect.","Hi Ellie,

We are running Indvstry Power House during Cannes Lions week — a private villa with daily shuttles to La Croisette, content facilities, and a no-pitch policy. A number of strategy leaders on this year's programme are using it for private client sessions and off-schedule conversations.

We are also hosting a private Diaspora Dinner on 23rd June — a small group of senior agency and brand leaders, entirely off the official schedule.

And a useful extra: we run a fringe event RSVP concierge for guests — with 2,500+ events that week, we handle registrations so you do not miss the ones that matter.

Happy to share more.

Amber Jacobs | Community Manager, Indvstry Clvb"
"Fran Palines","Fran","Creative Director","VML Manila","https://www.linkedin.com/in/fran-palines-2480304a/","tech_data","Hi Fran — saw you're on the Cannes Lions programme this year. We're running Indvstry Power House, a private villa — no-pitch, AV studio, neutral briefing space. Private dinner 23 Jun + fringe RSVP service. Worth connecting.","Hi Fran,

We are running Indvstry Power House during Cannes Lions week — a private villa with daily shuttles to La Croisette, AV facilities, and a strictly no-pitch environment.

For data and technology leaders at Cannes, having genuinely neutral ground — away from branded beach activations — makes a real difference when you need honest client conversations. The space is available for private briefings throughout the week.

We are also hosting a private Diaspora Dinner on 23rd June and running a fringe event concierge — 2,500+ events that week, we handle the RSVPs so you do not miss the ones worth attending.

Happy to share more.

Amber Jacobs | Community Manager, Indvstry Clvb"
"Park Wannasiri","Park","Chief Creative Officer","VML Thailand","https://www.linkedin.com/in/park-wannasiri-33519113/","agency_cco","Hi Park — saw you're on the Cannes Lions programme. We're running Indvstry Power House, a private villa with AV studio + no-pitch policy. Great for client sessions, roundtables or recordings. Private dinner 23 Jun + fringe RSVP service.","Hi Park,

We are running Indvstry Power House during Cannes Lions week — a private villa with dedicated AV and content capture facilities, daily shuttles to La Croisette, and a strict no-pitch policy.

For agency creative leaders on the programme, the space works well as a studio: somewhere to record a session, host a small client roundtable, or simply have a real conversation away from the Palais.

We are also hosting a private Diaspora Dinner on 23rd June for a select group of senior creatives, and running a fringe event RSVP concierge — 2,500+ events that week, we handle the registrations.

Worth a quick word?

Amber Jacobs | Community Manager, Indvstry Clvb"
"Kim Pick","Kim","Group Executive Creative Director","VML New Zealand","https://www.linkedin.com/in/kimpick/","tech_data","Hi Kim — saw you're on the Cannes Lions programme this year. We're running Indvstry Power House, a private villa — no-pitch, AV studio, neutral briefing space. Private dinner 23 Jun + fringe RSVP service. Worth connecting.","Hi Kim,

We are running Indvstry Power House during Cannes Lions week — a private villa with daily shuttles to La Croisette, AV facilities, and a strictly no-pitch environment.

For data and technology leaders at Cannes, having genuinely neutral ground — away from branded beach activations — makes a real difference when you need honest client conversations. The space is available for private briefings throughout the week.

We are also hosting a private Diaspora Dinner on 23rd June and running a fringe event concierge — 2,500+ events that week, we handle the RSVPs so you do not miss the ones worth attending.

Happy to share more.

Amber Jacobs | Community Manager, Indvstry Clvb"
"Ryan McManus","Ryan","Chief Creative Officer","VML UK","https://www.linkedin.com/in/ryanmcmanus/","agency_cco","Hi Ryan — saw you're on the Cannes Lions programme. We're running Indvstry Power House, a private villa with AV studio + no-pitch policy. Great for client sessions, roundtables or recordings. Private dinner 23 Jun + fringe RSVP service.","Hi Ryan,

We are running Indvstry Power House during Cannes Lions week — a private villa with dedicated AV and content capture facilities, daily shuttles to La Croisette, and a strict no-pitch policy.

For agency creative leaders on the programme, the space works well as a studio: somewhere to record a session, host a small client roundtable, or simply have a real conversation away from the Palais.

We are also hosting a private Diaspora Dinner on 23rd June for a select group of senior creatives, and running a fringe event RSVP concierge — 2,500+ events that week, we handle the registrations.

Worth a quick word?

Amber Jacobs | Community Manager, Indvstry Clvb"
"Raimundo Undurraga","Raimundo","Chief Creative Officer","VML","https://www.linkedin.com/in/raimundoundurraga/","agency_cco","Hi Raimundo — saw you're on the Cannes Lions programme. We're running Indvstry Power House, a private villa with AV studio + no-pitch policy. Great for client sessions, roundtables or recordings. Private dinner 23 Jun + fringe RSVP service.","Hi Raimundo,

We are running Indvstry Power House during Cannes Lions week — a private villa with dedicated AV and content capture facilities, daily shuttles to La Croisette, and a strict no-pitch policy.

For agency creative leaders on the programme, the space works well as a studio: somewhere to record a session, host a small client roundtable, or simply have a real conversation away from the Palais.

We are also hosting a private Diaspora Dinner on 23rd June for a select group of senior creatives, and running a fringe event RSVP concierge — 2,500+ events that week, we handle the registrations.

Worth a quick word?

Amber Jacobs | Community Manager, Indvstry Clvb"
"Firas Ghannam","Firas","Executive Creative Director","VML Riyadh","https://www.linkedin.com/in/firasghannam/","tech_data","Hi Firas — saw you're on the Cannes Lions programme this year. We're running Indvstry Power House, a private villa — no-pitch, AV studio, neutral briefing space. Private dinner 23 Jun + fringe RSVP service. Worth connecting.","Hi Firas,

We are running Indvstry Power House during Cannes Lions week — a private villa with daily shuttles to La Croisette, AV facilities, and a strictly no-pitch environment.

For data and technology leaders at Cannes, having genuinely neutral ground — away from branded beach activations — makes a real difference when you need honest client conversations. The space is available for private briefings throughout the week.

We are also hosting a private Diaspora Dinner on 23rd June and running a fringe event concierge — 2,500+ events that week, we handle the RSVPs so you do not miss the ones worth attending.

Happy to share more.

Amber Jacobs | Community Manager, Indvstry Clvb"
"Daniel Payan","Daniel","Chief Creative Officer","VML Colombia","https://www.linkedin.com/in/danielpayan/","agency_cco","Hi Daniel — saw you're on the Cannes Lions programme. We're running Indvstry Power House, a private villa with AV studio + no-pitch policy. Great for client sessions, roundtables or recordings. Private dinner 23 Jun + fringe RSVP service.","Hi Daniel,

We are running Indvstry Power House during Cannes Lions week — a private villa with dedicated AV and content capture facilities, daily shuttles to La Croisette, and a strict no-pitch policy.

For agency creative leaders on the programme, the space works well as a studio: somewhere to record a session, host a small client roundtable, or simply have a real conversation away from the Palais.

We are also hosting a private Diaspora Dinner on 23rd June for a select group of senior creatives, and running a fringe event RSVP concierge — 2,500+ events that week, we handle the registrations.

Worth a quick word?

Amber Jacobs | Community Manager, Indvstry Clvb"
"Dan Hill","Dan","Global Chief Strategy Officer","Wieden+Kennedy","https://www.linkedin.com/in/danhill/","agency_cso","Hi Dan — saw you're speaking at Cannes Lions this year. We're running Indvstry Power House, a private villa — no-pitch zone, content studio, private dinner 23 Jun + fringe event RSVP service for guests. Would love to connect.","Hi Dan,

We are running Indvstry Power House during Cannes Lions week — a private villa with daily shuttles to La Croisette, content facilities, and a no-pitch policy. A number of strategy leaders on this year's programme are using it for private client sessions and off-schedule conversations.

We are also hosting a private Diaspora Dinner on 23rd June — a small group of senior agency and brand leaders, entirely off the official schedule.

And a useful extra: we run a fringe event RSVP concierge for guests — with 2,500+ events that week, we handle registrations so you do not miss the ones that matter.

Happy to share more.

Amber Jacobs | Community Manager, Indvstry Clvb"
"Rose Herceg","Rose","CEO Australia and New Zealand","WPP","https://www.linkedin.com/in/rose-herceg-9a84a6/","network_ceo","Hi Rose — saw you're on the Cannes Lions programme this year. We're running Indvstry Power House, a private villa during festival week — no-pitch, AV studio, private dinner 23 Jun + fringe event RSVP service. Worth connecting.","Hi Rose,

We are running Indvstry Power House during Cannes Lions week — a private villa with daily shuttles to La Croisette, content facilities, and a no-pitch policy. Several agency network leaders are using the space for private client sessions and off-schedule conversations away from the Palais.

We are also hosting a private Diaspora Dinner on Tuesday 23rd June — a small, curated group of senior industry leaders entirely off the official schedule.

One more thing: we run a fringe event RSVP concierge for guests. With 2,500+ events that week, we handle the registrations so the right ones are confirmed without the admin.

Happy to share more.

Amber Jacobs | Community Manager, Indvstry Clvb"
"Adam Gerhart","Adam","Global Chief Client Officer","WPP Media","https://www.linkedin.com/in/adamgerhart/","agency_cco","Hi Adam — saw you're on the Cannes Lions programme. We're running Indvstry Power House, a private villa with AV studio + no-pitch policy. Great for client sessions, roundtables or recordings. Private dinner 23 Jun + fringe RSVP service.","Hi Adam,

We are running Indvstry Power House during Cannes Lions week — a private villa with dedicated AV and content capture facilities, daily shuttles to La Croisette, and a strict no-pitch policy.

For agency creative leaders on the programme, the space works well as a studio: somewhere to record a session, host a small client roundtable, or simply have a real conversation away from the Palais.

We are also hosting a private Diaspora Dinner on 23rd June for a select group of senior creatives, and running a fringe event RSVP concierge — 2,500+ events that week, we handle the registrations.

Worth a quick word?

Amber Jacobs | Community Manager, Indvstry Clvb"
"Cristina Rey","Cristina","CEO","WPP Media","https://www.linkedin.com/in/cristinarey/","network_ceo","Hi Cristina — saw you're on the Cannes Lions programme this year. We're running Indvstry Power House, a private villa during festival week — no-pitch, AV studio, private dinner 23 Jun + fringe event RSVP service. Worth connecting.","Hi Cristina,

We are running Indvstry Power House during Cannes Lions week — a private villa with daily shuttles to La Croisette, content facilities, and a no-pitch policy. Several agency network leaders are using the space for private client sessions and off-schedule conversations away from the Palais.

We are also hosting a private Diaspora Dinner on Tuesday 23rd June — a small, curated group of senior industry leaders entirely off the official schedule.

One more thing: we run a fringe event RSVP concierge for guests. With 2,500+ events that week, we handle the registrations so the right ones are confirmed without the admin.

Happy to share more.

Amber Jacobs | Community Manager, Indvstry Clvb"
"James Brook-Partridge","James","Head of Production UK","WPP Production","https://www.linkedin.com/in/james-brook-partridge-1100234/","agency_cco","Hi James — saw you're on the Cannes Lions programme. We're running Indvstry Power House, a private villa with AV studio + no-pitch policy. Great for client sessions, roundtables or recordings. Private dinner 23 Jun + fringe RSVP service.","Hi James,

We are running Indvstry Power House during Cannes Lions week — a private villa with dedicated AV and content capture facilities, daily shuttles to La Croisette, and a strict no-pitch policy.

For agency creative leaders on the programme, the space works well as a studio: somewhere to record a session, host a small client roundtable, or simply have a real conversation away from the Palais.

We are also hosting a private Diaspora Dinner on 23rd June for a select group of senior creatives, and running a fringe event RSVP concierge — 2,500+ events that week, we handle the registrations.

Worth a quick word?

Amber Jacobs | Community Manager, Indvstry Clvb"
"Nunu Ntshingila","Nunu","Chairperson","NTINTA and Women for Women","https://www.linkedin.com/in/nununtshingila/","agency_cco","Hi Nunu — saw you're on the Cannes Lions programme. We're running Indvstry Power House, a private villa with AV studio + no-pitch policy. Great for client sessions, roundtables or recordings. Private dinner 23 Jun + fringe RSVP service.","Hi Nunu,

We are running Indvstry Power House during Cannes Lions week — a private villa with dedicated AV and content capture facilities, daily shuttles to La Croisette, and a strict no-pitch policy.

For agency creative leaders on the programme, the space works well as a studio: somewhere to record a session, host a small client roundtable, or simply have a real conversation away from the Palais.

We are also hosting a private Diaspora Dinner on 23rd June for a select group of senior creatives, and running a fringe event RSVP concierge — 2,500+ events that week, we handle the registrations.

Worth a quick word?

Amber Jacobs | Community Manager, Indvstry Clvb"
"Rafael Gil","Rafael","Chief Creative Officer","Artplan","https://www.linkedin.com/in/rafael-gil-2480304a/","agency_cco","Hi Rafael — saw you're on the Cannes Lions programme. We're running Indvstry Power House, a private villa with AV studio + no-pitch policy. Great for client sessions, roundtables or recordings. Private dinner 23 Jun + fringe RSVP service.","Hi Rafael,

We are running Indvstry Power House during Cannes Lions week — a private villa with dedicated AV and content capture facilities, daily shuttles to La Croisette, and a strict no-pitch policy.

For agency creative leaders on the programme, the space works well as a studio: somewhere to record a session, host a small client roundtable, or simply have a real conversation away from the Palais.

We are also hosting a private Diaspora Dinner on 23rd June for a select group of senior creatives, and running a fringe event RSVP concierge — 2,500+ events that week, we handle the registrations.

Worth a quick word?

Amber Jacobs | Community Manager, Indvstry Clvb"
"Simon Langley","Simon","Chief Creative Officer","Bastion","https://www.linkedin.com/in/simonlangley/","agency_cco","Hi Simon — saw you're on the Cannes Lions programme. We're running Indvstry Power House, a private villa with AV studio + no-pitch policy. Great for client sessions, roundtables or recordings. Private dinner 23 Jun + fringe RSVP service.","Hi Simon,

We are running Indvstry Power House during Cannes Lions week — a private villa with dedicated AV and content capture facilities, daily shuttles to La Croisette, and a strict no-pitch policy.

For agency creative leaders on the programme, the space works well as a studio: somewhere to record a session, host a small client roundtable, or simply have a real conversation away from the Palais.

We are also hosting a private Diaspora Dinner on 23rd June for a select group of senior creatives, and running a fringe event RSVP concierge — 2,500+ events that week, we handle the registrations.

Worth a quick word?

Amber Jacobs | Community Manager, Indvstry Clvb"
"Lucy Basden-Smith","Lucy","Managing Director","Fuse International","https://www.linkedin.com/in/lucy-basden-smith-6617191/","tech_data","Hi Lucy — saw you're on the Cannes Lions programme this year. We're running Indvstry Power House, a private villa — no-pitch, AV studio, neutral briefing space. Private dinner 23 Jun + fringe RSVP service. Worth connecting.","Hi Lucy,

We are running Indvstry Power House during Cannes Lions week — a private villa with daily shuttles to La Croisette, AV facilities, and a strictly no-pitch environment.

For data and technology leaders at Cannes, having genuinely neutral ground — away from branded beach activations — makes a real difference when you need honest client conversations. The space is available for private briefings throughout the week.

We are also hosting a private Diaspora Dinner on 23rd June and running a fringe event concierge — 2,500+ events that week, we handle the RSVPs so you do not miss the ones worth attending.

Happy to share more.

Amber Jacobs | Community Manager, Indvstry Clvb"
"Rogerio Chaves","Rogerio","Co-Chief Creative Officer","Africa Creative","https://www.linkedin.com/in/rogeriochaves/","agency_cco","Hi Rogerio — saw you're on the Cannes Lions programme. We're running Indvstry Power House, a private villa with AV studio + no-pitch policy. Great for client sessions, roundtables or recordings. Private dinner 23 Jun + fringe RSVP service.","Hi Rogerio,

We are running Indvstry Power House during Cannes Lions week — a private villa with dedicated AV and content capture facilities, daily shuttles to La Croisette, and a strict no-pitch policy.

For agency creative leaders on the programme, the space works well as a studio: somewhere to record a session, host a small client roundtable, or simply have a real conversation away from the Palais.

We are also hosting a private Diaspora Dinner on 23rd June for a select group of senior creatives, and running a fringe event RSVP concierge — 2,500+ events that week, we handle the registrations.

Worth a quick word?

Amber Jacobs | Community Manager, Indvstry Clvb"
"Andre Toledo","Andre","Chief Creative Officer","DAVID New York","https://www.linkedin.com/in/andretol/","agency_cco","Hi Andre — saw you're on the Cannes Lions programme. We're running Indvstry Power House, a private villa with AV studio + no-pitch policy. Great for client sessions, roundtables or recordings. Private dinner 23 Jun + fringe RSVP service.","Hi Andre,

We are running Indvstry Power House during Cannes Lions week — a private villa with dedicated AV and content capture facilities, daily shuttles to La Croisette, and a strict no-pitch policy.

For agency creative leaders on the programme, the space works well as a studio: somewhere to record a session, host a small client roundtable, or simply have a real conversation away from the Palais.

We are also hosting a private Diaspora Dinner on 23rd June for a select group of senior creatives, and running a fringe event RSVP concierge — 2,500+ events that week, we handle the registrations.

Worth a quick word?

Amber Jacobs | Community Manager, Indvstry Clvb"
"Richard Brim","Richard","Founder and CCO","ACE OF HEARTS","https://www.linkedin.com/in/richard-brim-2268481/","founder_independent","Hi Richard — saw you're speaking at Cannes Lions this year. We're offering a select few speakers a residency at Indvstry Power House — a private villa during festival week. Live-in base, no-pitch, private dinner 23 Jun + RSVP service.","Hi Richard,

We are running Indvstry Power House during Cannes Lions week and offering a small number of speaker residency spots — essentially a live-in base at our private villa for the week, with daily shuttles to La Croisette, dedicated workspace, and a no-pitch policy.

For independent creatives and founders on the programme, it is a proper home between sessions without the cost of Cannes hotel rates.

We are also hosting a private Diaspora Dinner on 23rd June — a small, curated gathering — and running a fringe event RSVP concierge for residents: over 2,500 events happen that week and we manage the registrations so you show up to the right ones.

Happy to share more on the residency.

Amber Jacobs | Community Manager, Indvstry Clvb"
"Rick Sakurai","Rick","Creative Director and MD","Massivemusic Tokyo","https://www.linkedin.com/in/ricksakurai/","tech_data","Hi Rick — saw you're on the Cannes Lions programme this year. We're running Indvstry Power House, a private villa — no-pitch, AV studio, neutral briefing space. Private dinner 23 Jun + fringe RSVP service. Worth connecting.","Hi Rick,

We are running Indvstry Power House during Cannes Lions week — a private villa with daily shuttles to La Croisette, AV facilities, and a strictly no-pitch environment.

For data and technology leaders at Cannes, having genuinely neutral ground — away from branded beach activations — makes a real difference when you need honest client conversations. The space is available for private briefings throughout the week.

We are also hosting a private Diaspora Dinner on 23rd June and running a fringe event concierge — 2,500+ events that week, we handle the RSVPs so you do not miss the ones worth attending.

Happy to share more.

Amber Jacobs | Community Manager, Indvstry Clvb"
"Damisa Ongsiriwattana","Damisa","Co-Founder and CCO","Sour Bangkok","https://www.linkedin.com/in/damisaongsiriwattana/","founder_independent","Hi Damisa — saw you're speaking at Cannes Lions this year. We're offering a select few speakers a residency at Indvstry Power House — a private villa during festival week. Live-in base, no-pitch, private dinner 23 Jun + RSVP service.","Hi Damisa,

We are running Indvstry Power House during Cannes Lions week and offering a small number of speaker residency spots — essentially a live-in base at our private villa for the week, with daily shuttles to La Croisette, dedicated workspace, and a no-pitch policy.

For independent creatives and founders on the programme, it is a proper home between sessions without the cost of Cannes hotel rates.

We are also hosting a private Diaspora Dinner on 23rd June — a small, curated gathering — and running a fringe event RSVP concierge for residents: over 2,500 events happen that week and we manage the registrations so you show up to the right ones.

Happy to share more on the residency.

Amber Jacobs | Community Manager, Indvstry Clvb"
"Diego Guerhardt","Diego","Executive Creative Director","FBIZ","https://www.linkedin.com/in/diego-guerhardt-12b45620/","tech_data","Hi Diego — saw you're on the Cannes Lions programme this year. We're running Indvstry Power House, a private villa — no-pitch, AV studio, neutral briefing space. Private dinner 23 Jun + fringe RSVP service. Worth connecting.","Hi Diego,

We are running Indvstry Power House during Cannes Lions week — a private villa with daily shuttles to La Croisette, AV facilities, and a strictly no-pitch environment.

For data and technology leaders at Cannes, having genuinely neutral ground — away from branded beach activations — makes a real difference when you need honest client conversations. The space is available for private briefings throughout the week.

We are also hosting a private Diaspora Dinner on 23rd June and running a fringe event concierge — 2,500+ events that week, we handle the RSVPs so you do not miss the ones worth attending.

Happy to share more.

Amber Jacobs | Community Manager, Indvstry Clvb"
"Kelly McConville","Kelly","VP of Marketing","Fourthline","https://www.linkedin.com/in/kellymcconville/","agency_cco","Hi Kelly — saw you're on the Cannes Lions programme. We're running Indvstry Power House, a private villa with AV studio + no-pitch policy. Great for client sessions, roundtables or recordings. Private dinner 23 Jun + fringe RSVP service.","Hi Kelly,

We are running Indvstry Power House during Cannes Lions week — a private villa with dedicated AV and content capture facilities, daily shuttles to La Croisette, and a strict no-pitch policy.

For agency creative leaders on the programme, the space works well as a studio: somewhere to record a session, host a small client roundtable, or simply have a real conversation away from the Palais.

We are also hosting a private Diaspora Dinner on 23rd June for a select group of senior creatives, and running a fringe event RSVP concierge — 2,500+ events that week, we handle the registrations.

Worth a quick word?

Amber Jacobs | Community Manager, Indvstry Clvb"
"Joseph Bonnici","Joseph","Chief Creative Officer and Owner","TADIEM","https://www.linkedin.com/in/josephbonnici/","agency_cco","Hi Joseph — saw you're on the Cannes Lions programme. We're running Indvstry Power House, a private villa with AV studio + no-pitch policy. Great for client sessions, roundtables or recordings. Private dinner 23 Jun + fringe RSVP service.","Hi Joseph,

We are running Indvstry Power House during Cannes Lions week — a private villa with dedicated AV and content capture facilities, daily shuttles to La Croisette, and a strict no-pitch policy.

For agency creative leaders on the programme, the space works well as a studio: somewhere to record a session, host a small client roundtable, or simply have a real conversation away from the Palais.

We are also hosting a private Diaspora Dinner on 23rd June for a select group of senior creatives, and running a fringe event RSVP concierge — 2,500+ events that week, we handle the registrations.

Worth a quick word?

Amber Jacobs | Community Manager, Indvstry Clvb"
"Maureen Hufnagel","Maureen","Film Director","Landia","https://www.linkedin.com/in/maureen-hufnagel-2480304a/","tech_data","Hi Maureen — saw you're on the Cannes Lions programme this year. We're running Indvstry Power House, a private villa — no-pitch, AV studio, neutral briefing space. Private dinner 23 Jun + fringe RSVP service. Worth connecting.","Hi Maureen,

We are running Indvstry Power House during Cannes Lions week — a private villa with daily shuttles to La Croisette, AV facilities, and a strictly no-pitch environment.

For data and technology leaders at Cannes, having genuinely neutral ground — away from branded beach activations — makes a real difference when you need honest client conversations. The space is available for private briefings throughout the week.

We are also hosting a private Diaspora Dinner on 23rd June and running a fringe event concierge — 2,500+ events that week, we handle the RSVPs so you do not miss the ones worth attending.

Happy to share more.

Amber Jacobs | Community Manager, Indvstry Clvb"
"Bethany Omeri","Bethany","Head of Strategy","Special New Zealand","https://www.linkedin.com/in/bethanyomeri/","agency_cco","Hi Bethany — saw you're on the Cannes Lions programme. We're running Indvstry Power House, a private villa with AV studio + no-pitch policy. Great for client sessions, roundtables or recordings. Private dinner 23 Jun + fringe RSVP service.","Hi Bethany,

We are running Indvstry Power House during Cannes Lions week — a private villa with dedicated AV and content capture facilities, daily shuttles to La Croisette, and a strict no-pitch policy.

For agency creative leaders on the programme, the space works well as a studio: somewhere to record a session, host a small client roundtable, or simply have a real conversation away from the Palais.

We are also hosting a private Diaspora Dinner on 23rd June for a select group of senior creatives, and running a fringe event RSVP concierge — 2,500+ events that week, we handle the registrations.

Worth a quick word?

Amber Jacobs | Community Manager, Indvstry Clvb"
"Ash Chagla","Ash","Chief Creative Officer","Science & Sunshine","https://www.linkedin.com/in/ashchagla/","agency_cco","Hi Ash — saw you're on the Cannes Lions programme. We're running Indvstry Power House, a private villa with AV studio + no-pitch policy. Great for client sessions, roundtables or recordings. Private dinner 23 Jun + fringe RSVP service.","Hi Ash,

We are running Indvstry Power House during Cannes Lions week — a private villa with dedicated AV and content capture facilities, daily shuttles to La Croisette, and a strict no-pitch policy.

For agency creative leaders on the programme, the space works well as a studio: somewhere to record a session, host a small client roundtable, or simply have a real conversation away from the Palais.

We are also hosting a private Diaspora Dinner on 23rd June for a select group of senior creatives, and running a fringe event RSVP concierge — 2,500+ events that week, we handle the registrations.

Worth a quick word?

Amber Jacobs | Community Manager, Indvstry Clvb"
"Viviane Duarte","Viviane","CEO","Plano Feminino","https://www.linkedin.com/in/vivianeduarte/","network_ceo","Hi Viviane — saw you're on the Cannes Lions programme this year. We're running Indvstry Power House, a private villa during festival week — no-pitch, AV studio, private dinner 23 Jun + fringe event RSVP service. Worth connecting.","Hi Viviane,

We are running Indvstry Power House during Cannes Lions week — a private villa with daily shuttles to La Croisette, content facilities, and a no-pitch policy. Several agency network leaders are using the space for private client sessions and off-schedule conversations away from the Palais.

We are also hosting a private Diaspora Dinner on Tuesday 23rd June — a small, curated group of senior industry leaders entirely off the official schedule.

One more thing: we run a fringe event RSVP concierge for guests. With 2,500+ events that week, we handle the registrations so the right ones are confirmed without the admin.

Happy to share more.

Amber Jacobs | Community Manager, Indvstry Clvb"
"Suhana Gordhan","Suhana","Chief Creative Officer and Founder","Lovesong","https://www.linkedin.com/in/suhana-gordhan-90234710/","founder_independent","Hi Suhana — saw you're speaking at Cannes Lions this year. We're offering a select few speakers a residency at Indvstry Power House — a private villa during festival week. Live-in base, no-pitch, private dinner 23 Jun + RSVP service.","Hi Suhana,

We are running Indvstry Power House during Cannes Lions week and offering a small number of speaker residency spots — essentially a live-in base at our private villa for the week, with daily shuttles to La Croisette, dedicated workspace, and a no-pitch policy.

For independent creatives and founders on the programme, it is a proper home between sessions without the cost of Cannes hotel rates.

We are also hosting a private Diaspora Dinner on 23rd June — a small, curated gathering — and running a fringe event RSVP concierge for residents: over 2,500 events happen that week and we manage the registrations so you show up to the right ones.

Happy to share more on the residency.

Amber Jacobs | Community Manager, Indvstry Clvb"
"Sonita Alizadeh","Sonita","Rapper and Activist","Independent","https://www.linkedin.com/in/sonita-alizadeh-4107121b6/","founder_independent","Hi Sonita — saw you're speaking at Cannes Lions this year. We're offering a select few speakers a residency at Indvstry Power House — a private villa during festival week. Live-in base, no-pitch, private dinner 23 Jun + RSVP service.","Hi Sonita,

We are running Indvstry Power House during Cannes Lions week and offering a small number of speaker residency spots — essentially a live-in base at our private villa for the week, with daily shuttles to La Croisette, dedicated workspace, and a no-pitch policy.

For independent creatives and founders on the programme, it is a proper home between sessions without the cost of Cannes hotel rates.

We are also hosting a private Diaspora Dinner on 23rd June — a small, curated gathering — and running a fringe event RSVP concierge for residents: over 2,500 events happen that week and we manage the registrations so you show up to the right ones.

Happy to share more on the residency.

Amber Jacobs | Community Manager, Indvstry Clvb"
"Anna Johannes","Anna","Co-Founder","CULXTURED","https://www.linkedin.com/in/annajohannes/","founder_independent","Hi Anna — saw you're speaking at Cannes Lions this year. We're offering a select few speakers a residency at Indvstry Power House — a private villa during festival week. Live-in base, no-pitch, private dinner 23 Jun + RSVP service.","Hi Anna,

We are running Indvstry Power House during Cannes Lions week and offering a small number of speaker residency spots — essentially a live-in base at our private villa for the week, with daily shuttles to La Croisette, dedicated workspace, and a no-pitch policy.

For independent creatives and founders on the programme, it is a proper home between sessions without the cost of Cannes hotel rates.

We are also hosting a private Diaspora Dinner on 23rd June — a small, curated gathering — and running a fringe event RSVP concierge for residents: over 2,500 events happen that week and we manage the registrations so you show up to the right ones.

Happy to share more on the residency.

Amber Jacobs | Community Manager, Indvstry Clvb"
"Mohammed Sehly","Mohammed","CEO","Bigtime Creative Shop","https://www.linkedin.com/in/mohammedsehly/","network_ceo","Hi Mohammed — saw you're on the Cannes Lions programme this year. We're running Indvstry Power House, a private villa during festival week — no-pitch, AV studio, private dinner 23 Jun + fringe event RSVP service. Worth connecting.","Hi Mohammed,

We are running Indvstry Power House during Cannes Lions week — a private villa with daily shuttles to La Croisette, content facilities, and a no-pitch policy. Several agency network leaders are using the space for private client sessions and off-schedule conversations away from the Palais.

We are also hosting a private Diaspora Dinner on Tuesday 23rd June — a small, curated group of senior industry leaders entirely off the official schedule.

One more thing: we run a fringe event RSVP concierge for guests. With 2,500+ events that week, we handle the registrations so the right ones are confirmed without the admin.

Happy to share more.

Amber Jacobs | Community Manager, Indvstry Clvb"
"Marty Davies","Marty","Founder","Smarty Pants Consultancy","https://www.linkedin.com/in/marty-davies-33063426/","founder_independent","Hi Marty — saw you're speaking at Cannes Lions this year. We're offering a select few speakers a residency at Indvstry Power House — a private villa during festival week. Live-in base, no-pitch, private dinner 23 Jun + RSVP service.","Hi Marty,

We are running Indvstry Power House during Cannes Lions week and offering a small number of speaker residency spots — essentially a live-in base at our private villa for the week, with daily shuttles to La Croisette, dedicated workspace, and a no-pitch policy.

For independent creatives and founders on the programme, it is a proper home between sessions without the cost of Cannes hotel rates.

We are also hosting a private Diaspora Dinner on 23rd June — a small, curated gathering — and running a fringe event RSVP concierge for residents: over 2,500 events happen that week and we manage the registrations so you show up to the right ones.

Happy to share more on the residency.

Amber Jacobs | Community Manager, Indvstry Clvb"
"Muhannad Kadi","Muhannad","Chief Marketing Officer","King Faisal Specialist Hospital","https://www.linkedin.com/in/muhannadkadi/","cmo_brand","Hi Muhannad — saw you're speaking at Cannes Lions this year. We're running Indvstry Power House, a private villa at Cannes — no-pitch zone, client briefing space, private dinner 23 Jun + fringe RSVP service. Worth connecting.","Hi Muhannad,

We are running Indvstry Power House during Cannes Lions week — a private villa with daily shuttles to La Croisette, AV facilities, and a strictly no-pitch, no-branded environment.

For CMOs on the programme, the space works particularly well as neutral ground for client and agency conversations — a proper room away from beach clubs and Palais chaos.

We are also hosting a private Diaspora Dinner on 23rd June and running a fringe event RSVP concierge — over 2,500 events that week, we handle registrations so you show up to the ones that matter.

Happy to share more.

Amber Jacobs | Community Manager, Indvstry Clvb"
"Binda Dey","Binda","Global Chief Marketing Officer","Knight Riders Sports","https://www.linkedin.com/in/bindadey/","cmo_brand","Hi Binda — saw you're speaking at Cannes Lions this year. We're running Indvstry Power House, a private villa at Cannes — no-pitch zone, client briefing space, private dinner 23 Jun + fringe RSVP service. Worth connecting.","Hi Binda,

We are running Indvstry Power House during Cannes Lions week — a private villa with daily shuttles to La Croisette, AV facilities, and a strictly no-pitch, no-branded environment.

For CMOs on the programme, the space works particularly well as neutral ground for client and agency conversations — a proper room away from beach clubs and Palais chaos.

We are also hosting a private Diaspora Dinner on 23rd June and running a fringe event RSVP concierge — over 2,500 events that week, we handle registrations so you show up to the ones that matter.

Happy to share more.

Amber Jacobs | Community Manager, Indvstry Clvb"
"Bjorn Gulden","Bjorn","CEO","Adidas","https://www.linkedin.com/in/bjorngulden/","brand_ceo","Hi Bjorn — we're running Indvstry Power House at Cannes Lions, a private villa with daily shuttles, no-pitch policy and AV facilities. Hosting a private dinner 23rd June for senior leaders. Would love to connect.","Hi Bjorn,

We are running Indvstry Power House during Cannes Lions week — a private villa with daily shuttles to La Croisette, AV and content facilities, and a strict no-pitch policy.

We are hosting a private Diaspora Dinner on Tuesday 23rd June — a small group of senior brand and creative leaders, off the official schedule, at the villa. Given your position at Adidas, we think you would be exactly the right person in the room.

We are also running a fringe event RSVP concierge for guests — with over 2,500 events happening that week, we handle the registrations so you show up to the ones that matter.

Worth a quick word?

Amber Jacobs | Community Manager, Indvstry Clvb"
"Andrew Wilson","Andrew","Chairman and CEO","EA SPORTS","https://www.linkedin.com/in/andrew-wilson-7a9117/","brand_ceo","Hi Andrew — we're running Indvstry Power House at Cannes Lions, a private villa with daily shuttles, no-pitch policy and AV facilities. Hosting a private dinner 23rd June for senior leaders. Would love to connect.","Hi Andrew,

We are running Indvstry Power House during Cannes Lions week — a private villa with daily shuttles to La Croisette, AV and content facilities, and a strict no-pitch policy.

We are hosting a private Diaspora Dinner on Tuesday 23rd June — a small group of senior brand and creative leaders, off the official schedule, at the villa. Given your position at EA SPORTS, we think you would be exactly the right person in the room.

We are also running a fringe event RSVP concierge for guests — with over 2,500 events happening that week, we handle the registrations so you show up to the ones that matter.

Worth a quick word?

Amber Jacobs | Community Manager, Indvstry Clvb"
"Arvind Krishna","Arvind","Chairman and CEO","IBM","https://www.linkedin.com/in/arvindkrishna/","brand_ceo","Hi Arvind — we're running Indvstry Power House at Cannes Lions, a private villa with daily shuttles, no-pitch policy and AV facilities. Hosting a private dinner 23rd June for senior leaders. Would love to connect.","Hi Arvind,

We are running Indvstry Power House during Cannes Lions week — a private villa with daily shuttles to La Croisette, AV and content facilities, and a strict no-pitch policy.

We are hosting a private Diaspora Dinner on Tuesday 23rd June — a small group of senior brand and creative leaders, off the official schedule, at the villa. Given your position at IBM, we think you would be exactly the right person in the room.

We are also running a fringe event RSVP concierge for guests — with over 2,500 events happening that week, we handle the registrations so you show up to the ones that matter.

Worth a quick word?

Amber Jacobs | Community Manager, Indvstry Clvb"
"Adam Sussman","Adam","President","Nike","https://www.linkedin.com/in/adamsussman/","brand_ceo","Hi Adam — we're running Indvstry Power House at Cannes Lions, a private villa with daily shuttles, no-pitch policy and AV facilities. Hosting a private dinner 23rd June for senior leaders. Would love to connect.","Hi Adam,

We are running Indvstry Power House during Cannes Lions week — a private villa with daily shuttles to La Croisette, AV and content facilities, and a strict no-pitch policy.

We are hosting a private Diaspora Dinner on Tuesday 23rd June — a small group of senior brand and creative leaders, off the official schedule, at the villa. Given your position at Nike, we think you would be exactly the right person in the room.

We are also running a fringe event RSVP concierge for guests — with over 2,500 events happening that week, we handle the registrations so you show up to the ones that matter.

Worth a quick word?

Amber Jacobs | Community Manager, Indvstry Clvb"
"Hans Vestberg","Hans","Chairman and CEO","Verizon","https://www.linkedin.com/in/hansvestberg/","brand_ceo","Hi Hans — we're running Indvstry Power House at Cannes Lions, a private villa with daily shuttles, no-pitch policy and AV facilities. Hosting a private dinner 23rd June for senior leaders. Would love to connect.","Hi Hans,

We are running Indvstry Power House during Cannes Lions week — a private villa with daily shuttles to La Croisette, AV and content facilities, and a strict no-pitch policy.

We are hosting a private Diaspora Dinner on Tuesday 23rd June — a small group of senior brand and creative leaders, off the official schedule, at the villa. Given your position at Verizon, we think you would be exactly the right person in the room.

We are also running a fringe event RSVP concierge for guests — with over 2,500 events happening that week, we handle the registrations so you show up to the ones that matter.

Worth a quick word?

Amber Jacobs | Community Manager, Indvstry Clvb"
"Fidji Simo","Fidji","CEO","Instacart","https://www.linkedin.com/in/fidjisimo/","brand_ceo","Hi Fidji — we're running Indvstry Power House at Cannes Lions, a private villa with daily shuttles, no-pitch policy and AV facilities. Hosting a private dinner 23rd June for senior leaders. Would love to connect.","Hi Fidji,

We are running Indvstry Power House during Cannes Lions week — a private villa with daily shuttles to La Croisette, AV and content facilities, and a strict no-pitch policy.

We are hosting a private Diaspora Dinner on Tuesday 23rd June — a small group of senior brand and creative leaders, off the official schedule, at the villa. Given your position at Instacart, we think you would be exactly the right person in the room.

We are also running a fringe event RSVP concierge for guests — with over 2,500 events happening that week, we handle the registrations so you show up to the ones that matter.

Worth a quick word?

Amber Jacobs | Community Manager, Indvstry Clvb"
"Demis Hassabis","Demis","Co-Founder & CEO","Google DeepMind","https://www.linkedin.com/in/demishassabis/","brand_ceo","Hi Demis — we're running Indvstry Power House at Cannes Lions, a private villa with daily shuttles, no-pitch policy and AV facilities. Hosting a private dinner 23rd June for senior leaders. Would love to connect.","Hi Demis,

We are running Indvstry Power House during Cannes Lions week — a private villa with daily shuttles to La Croisette, AV and content facilities, and a strict no-pitch policy.

We are hosting a private Diaspora Dinner on Tuesday 23rd June — a small group of senior brand and creative leaders, off the official schedule, at the villa. Given your position at Google DeepMind, we think you would be exactly the right person in the room.

We are also running a fringe event RSVP concierge for guests — with over 2,500 events happening that week, we handle the registrations so you show up to the ones that matter.

Worth a quick word?

Amber Jacobs | Community Manager, Indvstry Clvb"
"Cynthia Scott","Cynthia","Group CEO","Zip Co","https://www.linkedin.com/in/cynthia-scott-17a4141/","brand_ceo","Hi Cynthia — we're running Indvstry Power House at Cannes Lions, a private villa with daily shuttles, no-pitch policy and AV facilities. Hosting a private dinner 23rd June for senior leaders. Would love to connect.","Hi Cynthia,

We are running Indvstry Power House during Cannes Lions week — a private villa with daily shuttles to La Croisette, AV and content facilities, and a strict no-pitch policy.

We are hosting a private Diaspora Dinner on Tuesday 23rd June — a small group of senior brand and creative leaders, off the official schedule, at the villa. Given your position at Zip Co, we think you would be exactly the right person in the room.

We are also running a fringe event RSVP concierge for guests — with over 2,500 events happening that week, we handle the registrations so you show up to the ones that matter.

Worth a quick word?

Amber Jacobs | Community Manager, Indvstry Clvb"
"Jen Wong","Jen","Chief Operating Officer","Reddit","https://www.linkedin.com/in/jenwong/","brand_ceo","Hi Jen — we're running Indvstry Power House at Cannes Lions, a private villa with daily shuttles, no-pitch policy and AV facilities. Hosting a private dinner 23rd June for senior leaders. Would love to connect.","Hi Jen,

We are running Indvstry Power House during Cannes Lions week — a private villa with daily shuttles to La Croisette, AV and content facilities, and a strict no-pitch policy.

We are hosting a private Diaspora Dinner on Tuesday 23rd June — a small group of senior brand and creative leaders, off the official schedule, at the villa. Given your position at Reddit, we think you would be exactly the right person in the room.

We are also running a fringe event RSVP concierge for guests — with over 2,500 events happening that week, we handle the registrations so you show up to the ones that matter.

Worth a quick word?

Amber Jacobs | Community Manager, Indvstry Clvb"
"Erika Wykes-Sneyd","Erika","Global VP, Marketing & Communities","Adidas","https://www.linkedin.com/in/erika-wykes-sneyd-8588521/","cmo_brand","Hi Erika — running Indvstry Power House at Cannes Lions, a private villa with no-pitch policy and AV facilities. Great for client briefings away from the Croisette. Private dinner 23 Jun + fringe RSVP service. Worth connecting.","Hi Erika,

We are running Indvstry Power House during Cannes Lions week — a private villa with daily shuttles to La Croisette, AV and content facilities, and a no-pitch policy.

For marketing leaders at Cannes, the space works well as a neutral venue for client and agency conversations away from the branded beach clubs. No agenda, no pitches — just the right room for the right conversation.

We are also hosting a private Diaspora Dinner on 23rd June and running a fringe event RSVP concierge — with 2,500+ events that week, we handle the registrations so the right ones are locked in.

Happy to share more.

Amber Jacobs | Community Manager, Indvstry Clvb"
"Tor Myhren","Tor","VP, Marketing Communications","Apple","https://www.linkedin.com/in/tor-myhren-3323083/","cmo_brand","Hi Tor — running Indvstry Power House at Cannes Lions, a private villa with no-pitch policy and AV facilities. Great for client briefings away from the Croisette. Private dinner 23 Jun + fringe RSVP service. Worth connecting.","Hi Tor,

We are running Indvstry Power House during Cannes Lions week — a private villa with daily shuttles to La Croisette, AV and content facilities, and a no-pitch policy.

For marketing leaders at Cannes, the space works well as a neutral venue for client and agency conversations away from the branded beach clubs. No agenda, no pitches — just the right room for the right conversation.

We are also hosting a private Diaspora Dinner on 23rd June and running a fringe event RSVP concierge — with 2,500+ events that week, we handle the registrations so the right ones are locked in.

Happy to share more.

Amber Jacobs | Community Manager, Indvstry Clvb"
"Sabrina Ferretti","Sabrina","Global Head of Brand Marketing","Burger King","https://www.linkedin.com/in/sabrina-ferretti-4632281/","cmo_brand","Hi Sabrina — running Indvstry Power House at Cannes Lions, a private villa with no-pitch policy and AV facilities. Great for client briefings away from the Croisette. Private dinner 23 Jun + fringe RSVP service. Worth connecting.","Hi Sabrina,

We are running Indvstry Power House during Cannes Lions week — a private villa with daily shuttles to La Croisette, AV and content facilities, and a no-pitch policy.

For marketing leaders at Cannes, the space works well as a neutral venue for client and agency conversations away from the branded beach clubs. No agenda, no pitches — just the right room for the right conversation.

We are also hosting a private Diaspora Dinner on 23rd June and running a fringe event RSVP concierge — with 2,500+ events that week, we handle the registrations so the right ones are locked in.

Happy to share more.

Amber Jacobs | Community Manager, Indvstry Clvb"
"Janelle Sallenave","Janelle","Chief Spending Officer","Chime","https://www.linkedin.com/in/janelle-sallenave-9a84a6/","cmo_brand","Hi Janelle — running Indvstry Power House at Cannes Lions, a private villa with no-pitch policy and AV facilities. Great for client briefings away from the Croisette. Private dinner 23 Jun + fringe RSVP service. Worth connecting.","Hi Janelle,

We are running Indvstry Power House during Cannes Lions week — a private villa with daily shuttles to La Croisette, AV and content facilities, and a no-pitch policy.

For marketing leaders at Cannes, the space works well as a neutral venue for client and agency conversations away from the branded beach clubs. No agenda, no pitches — just the right room for the right conversation.

We are also hosting a private Diaspora Dinner on 23rd June and running a fringe event RSVP concierge — with 2,500+ events that week, we handle the registrations so the right ones are locked in.

Happy to share more.

Amber Jacobs | Community Manager, Indvstry Clvb"
"Carrie Palin","Carrie","Chief Marketing Officer","Cisco","https://www.linkedin.com/in/carriepalin/","cmo_brand","Hi Carrie — running Indvstry Power House at Cannes Lions, a private villa with no-pitch policy and AV facilities. Great for client briefings away from the Croisette. Private dinner 23 Jun + fringe RSVP service. Worth connecting.","Hi Carrie,

We are running Indvstry Power House during Cannes Lions week — a private villa with daily shuttles to La Croisette, AV and content facilities, and a no-pitch policy.

For marketing leaders at Cannes, the space works well as a neutral venue for client and agency conversations away from the branded beach clubs. No agenda, no pitches — just the right room for the right conversation.

We are also hosting a private Diaspora Dinner on 23rd June and running a fringe event RSVP concierge — with 2,500+ events that week, we handle the registrations so the right ones are locked in.

Happy to share more.

Amber Jacobs | Community Manager, Indvstry Clvb"
"Cristina Diezhandino","Cristina","Global Chief Marketing Officer","Diageo","https://www.linkedin.com/in/cristina-diezhandino-0b89a81/","cmo_brand","Hi Cristina — running Indvstry Power House at Cannes Lions, a private villa with no-pitch policy and AV facilities. Great for client briefings away from the Croisette. Private dinner 23 Jun + fringe RSVP service. Worth connecting.","Hi Cristina,

We are running Indvstry Power House during Cannes Lions week — a private villa with daily shuttles to La Croisette, AV and content facilities, and a no-pitch policy.

For marketing leaders at Cannes, the space works well as a neutral venue for client and agency conversations away from the branded beach clubs. No agenda, no pitches — just the right room for the right conversation.

We are also hosting a private Diaspora Dinner on 23rd June and running a fringe event RSVP concierge — with 2,500+ events that week, we handle the registrations so the right ones are locked in.

Happy to share more.

Amber Jacobs | Community Manager, Indvstry Clvb"
"Chris Bruzzo","Chris","Chief Experience Officer","EA SPORTS","https://www.linkedin.com/in/chrisbruzzo/","cmo_brand","Hi Chris — running Indvstry Power House at Cannes Lions, a private villa with no-pitch policy and AV facilities. Great for client briefings away from the Croisette. Private dinner 23 Jun + fringe RSVP service. Worth connecting.","Hi Chris,

We are running Indvstry Power House during Cannes Lions week — a private villa with daily shuttles to La Croisette, AV and content facilities, and a no-pitch policy.

For marketing leaders at Cannes, the space works well as a neutral venue for client and agency conversations away from the branded beach clubs. No agenda, no pitches — just the right room for the right conversation.

We are also hosting a private Diaspora Dinner on 23rd June and running a fringe event RSVP concierge — with 2,500+ events that week, we handle the registrations so the right ones are locked in.

Happy to share more.

Amber Jacobs | Community Manager, Indvstry Clvb"
"John Reseburg","John","VP, Marketing, Partnerships & Communications","EA SPORTS","https://www.linkedin.com/in/john-reseburg-86111a1/","cmo_brand","Hi John — running Indvstry Power House at Cannes Lions, a private villa with no-pitch policy and AV facilities. Great for client briefings away from the Croisette. Private dinner 23 Jun + fringe RSVP service. Worth connecting.","Hi John,

We are running Indvstry Power House during Cannes Lions week — a private villa with daily shuttles to La Croisette, AV and content facilities, and a no-pitch policy.

For marketing leaders at Cannes, the space works well as a neutral venue for client and agency conversations away from the branded beach clubs. No agenda, no pitches — just the right room for the right conversation.

We are also hosting a private Diaspora Dinner on 23rd June and running a fringe event RSVP concierge — with 2,500+ events that week, we handle the registrations so the right ones are locked in.

Happy to share more.

Amber Jacobs | Community Manager, Indvstry Clvb"
"David Jackson","David","VP, Brand","EA SPORTS","https://www.linkedin.com/in/david-jackson-76a08611/","cmo_brand","Hi David — running Indvstry Power House at Cannes Lions, a private villa with no-pitch policy and AV facilities. Great for client briefings away from the Croisette. Private dinner 23 Jun + fringe RSVP service. Worth connecting.","Hi David,

We are running Indvstry Power House during Cannes Lions week — a private villa with daily shuttles to La Croisette, AV and content facilities, and a no-pitch policy.

For marketing leaders at Cannes, the space works well as a neutral venue for client and agency conversations away from the branded beach clubs. No agenda, no pitches — just the right room for the right conversation.

We are also hosting a private Diaspora Dinner on 23rd June and running a fringe event RSVP concierge — with 2,500+ events that week, we handle the registrations so the right ones are locked in.

Happy to share more.

Amber Jacobs | Community Manager, Indvstry Clvb"
"Adrianne Nixon","Adrianne","Director, Global Events & Experiential","eBay","https://www.linkedin.com/in/adriannenixon/","cmo_brand","Hi Adrianne — running Indvstry Power House at Cannes Lions, a private villa with no-pitch policy and AV facilities. Great for client briefings away from the Croisette. Private dinner 23 Jun + fringe RSVP service. Worth connecting.","Hi Adrianne,

We are running Indvstry Power House during Cannes Lions week — a private villa with daily shuttles to La Croisette, AV and content facilities, and a no-pitch policy.

For marketing leaders at Cannes, the space works well as a neutral venue for client and agency conversations away from the branded beach clubs. No agenda, no pitches — just the right room for the right conversation.

We are also hosting a private Diaspora Dinner on 23rd June and running a fringe event RSVP concierge — with 2,500+ events that week, we handle the registrations so the right ones are locked in.

Happy to share more.

Amber Jacobs | Community Manager, Indvstry Clvb"
"Clay Cowan","Clay","Chief Marketing Officer","IBM","https://www.linkedin.com/in/claycowan/","cmo_brand","Hi Clay — running Indvstry Power House at Cannes Lions, a private villa with no-pitch policy and AV facilities. Great for client briefings away from the Croisette. Private dinner 23 Jun + fringe RSVP service. Worth connecting.","Hi Clay,

We are running Indvstry Power House during Cannes Lions week — a private villa with daily shuttles to La Croisette, AV and content facilities, and a no-pitch policy.

For marketing leaders at Cannes, the space works well as a neutral venue for client and agency conversations away from the branded beach clubs. No agenda, no pitches — just the right room for the right conversation.

We are also hosting a private Diaspora Dinner on 23rd June and running a fringe event RSVP concierge — with 2,500+ events that week, we handle the registrations so the right ones are locked in.

Happy to share more.

Amber Jacobs | Community Manager, Indvstry Clvb"
"Jonathan Adashek","Jonathan","Chief Communications Officer & SVP, Marketing","IBM","https://www.linkedin.com/in/jonathanadashek/","cmo_brand","Hi Jonathan — running Indvstry Power House at Cannes Lions, a private villa with no-pitch policy and AV facilities. Great for client briefings away from the Croisette. Private dinner 23 Jun + fringe RSVP service. Worth connecting.","Hi Jonathan,

We are running Indvstry Power House during Cannes Lions week — a private villa with daily shuttles to La Croisette, AV and content facilities, and a no-pitch policy.

For marketing leaders at Cannes, the space works well as a neutral venue for client and agency conversations away from the branded beach clubs. No agenda, no pitches — just the right room for the right conversation.

We are also hosting a private Diaspora Dinner on 23rd June and running a fringe event RSVP concierge — with 2,500+ events that week, we handle the registrations so the right ones are locked in.

Happy to share more.

Amber Jacobs | Community Manager, Indvstry Clvb"
"Kameryn Stanhouse","Kameryn","VP, Sports & Entertainment Partnerships","IBM","https://www.linkedin.com/in/kameryn-stanhouse-3323083/","cmo_brand","Hi Kameryn — running Indvstry Power House at Cannes Lions, a private villa with no-pitch policy and AV facilities. Great for client briefings away from the Croisette. Private dinner 23 Jun + fringe RSVP service. Worth connecting.","Hi Kameryn,

We are running Indvstry Power House during Cannes Lions week — a private villa with daily shuttles to La Croisette, AV and content facilities, and a no-pitch policy.

For marketing leaders at Cannes, the space works well as a neutral venue for client and agency conversations away from the branded beach clubs. No agenda, no pitches — just the right room for the right conversation.

We are also hosting a private Diaspora Dinner on 23rd June and running a fringe event RSVP concierge — with 2,500+ events that week, we handle the registrations so the right ones are locked in.

Happy to share more.

Amber Jacobs | Community Manager, Indvstry Clvb"
"Diana Frost","Diana","Global Chief Growth Officer","Kraft Heinz","https://www.linkedin.com/in/diana-frost-5a0248a/","cmo_brand","Hi Diana — running Indvstry Power House at Cannes Lions, a private villa with no-pitch policy and AV facilities. Great for client briefings away from the Croisette. Private dinner 23 Jun + fringe RSVP service. Worth connecting.","Hi Diana,

We are running Indvstry Power House during Cannes Lions week — a private villa with daily shuttles to La Croisette, AV and content facilities, and a no-pitch policy.

For marketing leaders at Cannes, the space works well as a neutral venue for client and agency conversations away from the branded beach clubs. No agenda, no pitches — just the right room for the right conversation.

We are also hosting a private Diaspora Dinner on 23rd June and running a fringe event RSVP concierge — with 2,500+ events that week, we handle the registrations so the right ones are locked in.

Happy to share more.

Amber Jacobs | Community Manager, Indvstry Clvb"
"Penry Price","Penry","VP, Marketing Solutions","LinkedIn","https://www.linkedin.com/in/penry-price-37651a1/","cmo_brand","Hi Penry — running Indvstry Power House at Cannes Lions, a private villa with no-pitch policy and AV facilities. Great for client briefings away from the Croisette. Private dinner 23 Jun + fringe RSVP service. Worth connecting.","Hi Penry,

We are running Indvstry Power House during Cannes Lions week — a private villa with daily shuttles to La Croisette, AV and content facilities, and a no-pitch policy.

For marketing leaders at Cannes, the space works well as a neutral venue for client and agency conversations away from the branded beach clubs. No agenda, no pitches — just the right room for the right conversation.

We are also hosting a private Diaspora Dinner on 23rd June and running a fringe event RSVP concierge — with 2,500+ events that week, we handle the registrations so the right ones are locked in.

Happy to share more.

Amber Jacobs | Community Manager, Indvstry Clvb"
"Joan Colletta","Joan","Global Brand VP","McDonald's","https://www.linkedin.com/in/joan-colletta-5161042/","cmo_brand","Hi Joan — running Indvstry Power House at Cannes Lions, a private villa with no-pitch policy and AV facilities. Great for client briefings away from the Croisette. Private dinner 23 Jun + fringe RSVP service. Worth connecting.","Hi Joan,

We are running Indvstry Power House during Cannes Lions week — a private villa with daily shuttles to La Croisette, AV and content facilities, and a no-pitch policy.

For marketing leaders at Cannes, the space works well as a neutral venue for client and agency conversations away from the branded beach clubs. No agenda, no pitches — just the right room for the right conversation.

We are also hosting a private Diaspora Dinner on 23rd June and running a fringe event RSVP concierge — with 2,500+ events that week, we handle the registrations so the right ones are locked in.

Happy to share more.

Amber Jacobs | Community Manager, Indvstry Clvb"
"Lex Bradshaw-Zanger","Lex","Lead, Cannes Brand Marketing Academy","McDonald's","https://www.linkedin.com/in/lex-bradshaw-zanger-57223/","cmo_brand","Hi Lex — running Indvstry Power House at Cannes Lions, a private villa with no-pitch policy and AV facilities. Great for client briefings away from the Croisette. Private dinner 23 Jun + fringe RSVP service. Worth connecting.","Hi Lex,

We are running Indvstry Power House during Cannes Lions week — a private villa with daily shuttles to La Croisette, AV and content facilities, and a no-pitch policy.

For marketing leaders at Cannes, the space works well as a neutral venue for client and agency conversations away from the branded beach clubs. No agenda, no pitches — just the right room for the right conversation.

We are also hosting a private Diaspora Dinner on 23rd June and running a fringe event RSVP concierge — with 2,500+ events that week, we handle the registrations so the right ones are locked in.

Happy to share more.

Amber Jacobs | Community Manager, Indvstry Clvb"
"Marc Pritchard","Marc","Chief Brand Officer","P&G","https://www.linkedin.com/in/marc-pritchard-11634b10/","cmo_brand","Hi Marc — running Indvstry Power House at Cannes Lions, a private villa with no-pitch policy and AV facilities. Great for client briefings away from the Croisette. Private dinner 23 Jun + fringe RSVP service. Worth connecting.","Hi Marc,

We are running Indvstry Power House during Cannes Lions week — a private villa with daily shuttles to La Croisette, AV and content facilities, and a no-pitch policy.

For marketing leaders at Cannes, the space works well as a neutral venue for client and agency conversations away from the branded beach clubs. No agenda, no pitches — just the right room for the right conversation.

We are also hosting a private Diaspora Dinner on 23rd June and running a fringe event RSVP concierge — with 2,500+ events that week, we handle the registrations so the right ones are locked in.

Happy to share more.

Amber Jacobs | Community Manager, Indvstry Clvb"
"Lee Brown","Lee","VP, Global Head of Advertising Business","Spotify Advertising","https://www.linkedin.com/in/leebrown/","cmo_brand","Hi Lee — running Indvstry Power House at Cannes Lions, a private villa with no-pitch policy and AV facilities. Great for client briefings away from the Croisette. Private dinner 23 Jun + fringe RSVP service. Worth connecting.","Hi Lee,

We are running Indvstry Power House during Cannes Lions week — a private villa with daily shuttles to La Croisette, AV and content facilities, and a no-pitch policy.

For marketing leaders at Cannes, the space works well as a neutral venue for client and agency conversations away from the branded beach clubs. No agenda, no pitches — just the right room for the right conversation.

We are also hosting a private Diaspora Dinner on 23rd June and running a fringe event RSVP concierge — with 2,500+ events that week, we handle the registrations so the right ones are locked in.

Happy to share more.

Amber Jacobs | Community Manager, Indvstry Clvb"
"Louisa Wee","Louisa","Chief Marketing Officer","Strava","https://www.linkedin.com/in/louisawee/","cmo_brand","Hi Louisa — running Indvstry Power House at Cannes Lions, a private villa with no-pitch policy and AV facilities. Great for client briefings away from the Croisette. Private dinner 23 Jun + fringe RSVP service. Worth connecting.","Hi Louisa,

We are running Indvstry Power House during Cannes Lions week — a private villa with daily shuttles to La Croisette, AV and content facilities, and a no-pitch policy.

For marketing leaders at Cannes, the space works well as a neutral venue for client and agency conversations away from the branded beach clubs. No agenda, no pitches — just the right room for the right conversation.

We are also hosting a private Diaspora Dinner on 23rd June and running a fringe event RSVP concierge — with 2,500+ events that week, we handle the registrations so the right ones are locked in.

Happy to share more.

Amber Jacobs | Community Manager, Indvstry Clvb"
"Francis Stones","Francis","Global Head of Brand Safety & Responsible Media","TikTok","https://www.linkedin.com/in/francisstones/","cmo_brand","Hi Francis — running Indvstry Power House at Cannes Lions, a private villa with no-pitch policy and AV facilities. Great for client briefings away from the Croisette. Private dinner 23 Jun + fringe RSVP service. Worth connecting.","Hi Francis,

We are running Indvstry Power House during Cannes Lions week — a private villa with daily shuttles to La Croisette, AV and content facilities, and a no-pitch policy.

For marketing leaders at Cannes, the space works well as a neutral venue for client and agency conversations away from the branded beach clubs. No agenda, no pitches — just the right room for the right conversation.

We are also hosting a private Diaspora Dinner on 23rd June and running a fringe event RSVP concierge — with 2,500+ events that week, we handle the registrations so the right ones are locked in.

Happy to share more.

Amber Jacobs | Community Manager, Indvstry Clvb"
"Esi Eggleston Bracey","Esi","Chief Growth and Marketing Officer","Unilever","https://www.linkedin.com/in/esiegglestonbracey/","cmo_brand","Hi Esi — running Indvstry Power House at Cannes Lions, a private villa with no-pitch policy and AV facilities. Great for client briefings away from the Croisette. Private dinner 23 Jun + fringe RSVP service. Worth connecting.","Hi Esi,

We are running Indvstry Power House during Cannes Lions week — a private villa with daily shuttles to La Croisette, AV and content facilities, and a no-pitch policy.

For marketing leaders at Cannes, the space works well as a neutral venue for client and agency conversations away from the branded beach clubs. No agenda, no pitches — just the right room for the right conversation.

We are also hosting a private Diaspora Dinner on 23rd June and running a fringe event RSVP concierge — with 2,500+ events that week, we handle the registrations so the right ones are locked in.

Happy to share more.

Amber Jacobs | Community Manager, Indvstry Clvb"
"Gui Moraes","Gui","Global Senior Marketing Manager","Unilever","https://www.linkedin.com/in/guimoraes/","cmo_brand","Hi Gui — running Indvstry Power House at Cannes Lions, a private villa with no-pitch policy and AV facilities. Great for client briefings away from the Croisette. Private dinner 23 Jun + fringe RSVP service. Worth connecting.","Hi Gui,

We are running Indvstry Power House during Cannes Lions week — a private villa with daily shuttles to La Croisette, AV and content facilities, and a no-pitch policy.

For marketing leaders at Cannes, the space works well as a neutral venue for client and agency conversations away from the branded beach clubs. No agenda, no pitches — just the right room for the right conversation.

We are also hosting a private Diaspora Dinner on 23rd June and running a fringe event RSVP concierge — with 2,500+ events that week, we handle the registrations so the right ones are locked in.

Happy to share more.

Amber Jacobs | Community Manager, Indvstry Clvb"
"Leslie Berland","Leslie","EVP & Chief Marketing Officer","Verizon","https://www.linkedin.com/in/leslieberland/","cmo_brand","Hi Leslie — running Indvstry Power House at Cannes Lions, a private villa with no-pitch policy and AV facilities. Great for client briefings away from the Croisette. Private dinner 23 Jun + fringe RSVP service. Worth connecting.","Hi Leslie,

We are running Indvstry Power House during Cannes Lions week — a private villa with daily shuttles to La Croisette, AV and content facilities, and a no-pitch policy.

For marketing leaders at Cannes, the space works well as a neutral venue for client and agency conversations away from the branded beach clubs. No agenda, no pitches — just the right room for the right conversation.

We are also hosting a private Diaspora Dinner on 23rd June and running a fringe event RSVP concierge — with 2,500+ events that week, we handle the registrations so the right ones are locked in.

Happy to share more.

Amber Jacobs | Community Manager, Indvstry Clvb"
"Elizabeth Herbst-Brady","Elizabeth","Chief Revenue Officer","Yahoo!","https://www.linkedin.com/in/elizabethherbstbrady/","cmo_brand","Hi Elizabeth — running Indvstry Power House at Cannes Lions, a private villa with no-pitch policy and AV facilities. Great for client briefings away from the Croisette. Private dinner 23 Jun + fringe RSVP service. Worth connecting.","Hi Elizabeth,

We are running Indvstry Power House during Cannes Lions week — a private villa with daily shuttles to La Croisette, AV and content facilities, and a no-pitch policy.

For marketing leaders at Cannes, the space works well as a neutral venue for client and agency conversations away from the branded beach clubs. No agenda, no pitches — just the right room for the right conversation.

We are also hosting a private Diaspora Dinner on 23rd June and running a fringe event RSVP concierge — with 2,500+ events that week, we handle the registrations so the right ones are locked in.

Happy to share more.

Amber Jacobs | Community Manager, Indvstry Clvb"
"Jinal Shah","Jinal","Chief Marketing Officer (US)","Zip Co","https://www.linkedin.com/in/jinalshah/","cmo_brand","Hi Jinal — running Indvstry Power House at Cannes Lions, a private villa with no-pitch policy and AV facilities. Great for client briefings away from the Croisette. Private dinner 23 Jun + fringe RSVP service. Worth connecting.","Hi Jinal,

We are running Indvstry Power House during Cannes Lions week — a private villa with daily shuttles to La Croisette, AV and content facilities, and a no-pitch policy.

For marketing leaders at Cannes, the space works well as a neutral venue for client and agency conversations away from the branded beach clubs. No agenda, no pitches — just the right room for the right conversation.

We are also hosting a private Diaspora Dinner on 23rd June and running a fringe event RSVP concierge — with 2,500+ events that week, we handle the registrations so the right ones are locked in.

Happy to share more.

Amber Jacobs | Community Manager, Indvstry Clvb"
"Chloe Rees","Chloe","Senior Director, Communications & Corporate Affairs","Zip Co","https://www.linkedin.com/in/chloerees/","cmo_brand","Hi Chloe — running Indvstry Power House at Cannes Lions, a private villa with no-pitch policy and AV facilities. Great for client briefings away from the Croisette. Private dinner 23 Jun + fringe RSVP service. Worth connecting.","Hi Chloe,

We are running Indvstry Power House during Cannes Lions week — a private villa with daily shuttles to La Croisette, AV and content facilities, and a no-pitch policy.

For marketing leaders at Cannes, the space works well as a neutral venue for client and agency conversations away from the branded beach clubs. No agenda, no pitches — just the right room for the right conversation.

We are also hosting a private Diaspora Dinner on 23rd June and running a fringe event RSVP concierge — with 2,500+ events that week, we handle the registrations so the right ones are locked in.

Happy to share more.

Amber Jacobs | Community Manager, Indvstry Clvb"
"Jill Kramer","Jill","Chief Marketing and Communications Officer","Mastercard","https://www.linkedin.com/in/jill-kramer/","cmo_brand","Hi Jill — running Indvstry Power House at Cannes Lions, a private villa with no-pitch policy and AV facilities. Great for client briefings away from the Croisette. Private dinner 23 Jun + fringe RSVP service. Worth connecting.","Hi Jill,

We are running Indvstry Power House during Cannes Lions week — a private villa with daily shuttles to La Croisette, AV and content facilities, and a no-pitch policy.

For marketing leaders at Cannes, the space works well as a neutral venue for client and agency conversations away from the branded beach clubs. No agenda, no pitches — just the right room for the right conversation.

We are also hosting a private Diaspora Dinner on 23rd June and running a fringe event RSVP concierge — with 2,500+ events that week, we handle the registrations so the right ones are locked in.

Happy to share more.

Amber Jacobs | Community Manager, Indvstry Clvb"
"Jamie Moldafsky","Jamie","Chief Marketing and Communications Officer","Nielsen","https://www.linkedin.com/in/jamiemoldafsky/","cmo_brand","Hi Jamie — running Indvstry Power House at Cannes Lions, a private villa with no-pitch policy and AV facilities. Great for client briefings away from the Croisette. Private dinner 23 Jun + fringe RSVP service. Worth connecting.","Hi Jamie,

We are running Indvstry Power House during Cannes Lions week — a private villa with daily shuttles to La Croisette, AV and content facilities, and a no-pitch policy.

For marketing leaders at Cannes, the space works well as a neutral venue for client and agency conversations away from the branded beach clubs. No agenda, no pitches — just the right room for the right conversation.

We are also hosting a private Diaspora Dinner on 23rd June and running a fringe event RSVP concierge — with 2,500+ events that week, we handle the registrations so the right ones are locked in.

Happy to share more.

Amber Jacobs | Community Manager, Indvstry Clvb"
"Laura Jones","Laura","Chief Marketing Officer","Instacart","https://www.linkedin.com/in/laurajones/","cmo_brand","Hi Laura — running Indvstry Power House at Cannes Lions, a private villa with no-pitch policy and AV facilities. Great for client briefings away from the Croisette. Private dinner 23 Jun + fringe RSVP service. Worth connecting.","Hi Laura,

We are running Indvstry Power House during Cannes Lions week — a private villa with daily shuttles to La Croisette, AV and content facilities, and a no-pitch policy.

For marketing leaders at Cannes, the space works well as a neutral venue for client and agency conversations away from the branded beach clubs. No agenda, no pitches — just the right room for the right conversation.

We are also hosting a private Diaspora Dinner on 23rd June and running a fringe event RSVP concierge — with 2,500+ events that week, we handle the registrations so the right ones are locked in.

Happy to share more.

Amber Jacobs | Community Manager, Indvstry Clvb"
"Nicola Mendelsohn","Nicola","Head of Global Business Group","Meta","https://www.linkedin.com/in/nicolamendelsohn/","cmo_brand","Hi Nicola — running Indvstry Power House at Cannes Lions, a private villa with no-pitch policy and AV facilities. Great for client briefings away from the Croisette. Private dinner 23 Jun + fringe RSVP service. Worth connecting.","Hi Nicola,

We are running Indvstry Power House during Cannes Lions week — a private villa with daily shuttles to La Croisette, AV and content facilities, and a no-pitch policy.

For marketing leaders at Cannes, the space works well as a neutral venue for client and agency conversations away from the branded beach clubs. No agenda, no pitches — just the right room for the right conversation.

We are also hosting a private Diaspora Dinner on 23rd June and running a fringe event RSVP concierge — with 2,500+ events that week, we handle the registrations so the right ones are locked in.

Happy to share more.

Amber Jacobs | Community Manager, Indvstry Clvb"
"Grace Kao","Grace","Chief Marketing Officer","Snap Inc.","https://www.linkedin.com/in/gracekao/","cmo_brand","Hi Grace — running Indvstry Power House at Cannes Lions, a private villa with no-pitch policy and AV facilities. Great for client briefings away from the Croisette. Private dinner 23 Jun + fringe RSVP service. Worth connecting.","Hi Grace,

We are running Indvstry Power House during Cannes Lions week — a private villa with daily shuttles to La Croisette, AV and content facilities, and a no-pitch policy.

For marketing leaders at Cannes, the space works well as a neutral venue for client and agency conversations away from the branded beach clubs. No agenda, no pitches — just the right room for the right conversation.

We are also hosting a private Diaspora Dinner on 23rd June and running a fringe event RSVP concierge — with 2,500+ events that week, we handle the registrations so the right ones are locked in.

Happy to share more.

Amber Jacobs | Community Manager, Indvstry Clvb"
"Tushar Shah","Tushar","Chief Product Officer","Yahoo","https://www.linkedin.com/in/tusharshah/","cmo_brand","Hi Tushar — running Indvstry Power House at Cannes Lions, a private villa with no-pitch policy and AV facilities. Great for client briefings away from the Croisette. Private dinner 23 Jun + fringe RSVP service. Worth connecting.","Hi Tushar,

We are running Indvstry Power House during Cannes Lions week — a private villa with daily shuttles to La Croisette, AV and content facilities, and a no-pitch policy.

For marketing leaders at Cannes, the space works well as a neutral venue for client and agency conversations away from the branded beach clubs. No agenda, no pitches — just the right room for the right conversation.

We are also hosting a private Diaspora Dinner on 23rd June and running a fringe event RSVP concierge — with 2,500+ events that week, we handle the registrations so the right ones are locked in.

Happy to share more.

Amber Jacobs | Community Manager, Indvstry Clvb"
"Donna Speciale","Donna","President of US Advertising and Sales","TelevisaUnivision","https://www.linkedin.com/in/donnaspeciale/","cmo_brand","Hi Donna — running Indvstry Power House at Cannes Lions, a private villa with no-pitch policy and AV facilities. Great for client briefings away from the Croisette. Private dinner 23 Jun + fringe RSVP service. Worth connecting.","Hi Donna,

We are running Indvstry Power House during Cannes Lions week — a private villa with daily shuttles to La Croisette, AV and content facilities, and a no-pitch policy.

For marketing leaders at Cannes, the space works well as a neutral venue for client and agency conversations away from the branded beach clubs. No agenda, no pitches — just the right room for the right conversation.

We are also hosting a private Diaspora Dinner on 23rd June and running a fringe event RSVP concierge — with 2,500+ events that week, we handle the registrations so the right ones are locked in.

Happy to share more.

Amber Jacobs | Community Manager, Indvstry Clvb"
"Deborah Tran","Deborah","Senior Brand Manager","Mars","https://www.linkedin.com/in/deborah-tran-906a5b67/","cmo_brand","Hi Deborah — running Indvstry Power House at Cannes Lions, a private villa with no-pitch policy and AV facilities. Great for client briefings away from the Croisette. Private dinner 23 Jun + fringe RSVP service. Worth connecting.","Hi Deborah,

We are running Indvstry Power House during Cannes Lions week — a private villa with daily shuttles to La Croisette, AV and content facilities, and a no-pitch policy.

For marketing leaders at Cannes, the space works well as a neutral venue for client and agency conversations away from the branded beach clubs. No agenda, no pitches — just the right room for the right conversation.

We are also hosting a private Diaspora Dinner on 23rd June and running a fringe event RSVP concierge — with 2,500+ events that week, we handle the registrations so the right ones are locked in.

Happy to share more.

Amber Jacobs | Community Manager, Indvstry Clvb"
"Corey duBrowa","Corey","Global CEO","Burson","https://www.linkedin.com/in/coreydubrowa/","agency_ceo","Hi Corey — we're running Indvstry Power House at Cannes Lions, a private villa with AV studio, no-pitch zone and daily shuttles. Available for client roundtables, content sessions. Private dinner 23 Jun + fringe RSVP service.","Hi Corey,

We are running Indvstry Power House during Cannes Lions week — a private villa with dedicated AV and content facilities, daily shuttles to La Croisette, and a no-pitch policy. A number of agency leaders are using the space for private client roundtables and off-schedule sessions away from the Palais.

Given Burson's presence at the festival, the space feels like a natural fit — whether for a client briefing, a recorded session or simply a proper room to have a real conversation.

We are also hosting a private Diaspora Dinner on 23rd June for a small group of senior industry leaders.

And a useful extra: we run a fringe event RSVP concierge for guests — 2,500+ events that week, we handle the registrations.

Worth a quick word?

Amber Jacobs | Community Manager, Indvstry Clvb"
"Farah El Beaini","Farah","Group Account Director","Burson","https://www.linkedin.com/in/farahelbeaini/","agency_ceo","Hi Farah — we're running Indvstry Power House at Cannes Lions, a private villa with AV studio, no-pitch zone and daily shuttles. Available for client roundtables, content sessions. Private dinner 23 Jun + fringe RSVP service.","Hi Farah,

We are running Indvstry Power House during Cannes Lions week — a private villa with dedicated AV and content facilities, daily shuttles to La Croisette, and a no-pitch policy. A number of agency leaders are using the space for private client roundtables and off-schedule sessions away from the Palais.

Given Burson's presence at the festival, the space feels like a natural fit — whether for a client briefing, a recorded session or simply a proper room to have a real conversation.

We are also hosting a private Diaspora Dinner on 23rd June for a small group of senior industry leaders.

And a useful extra: we run a fringe event RSVP concierge for guests — 2,500+ events that week, we handle the registrations.

Worth a quick word?

Amber Jacobs | Community Manager, Indvstry Clvb"
"Taj Reid","Taj","Global Chief Creative Officer","Burson","https://www.linkedin.com/in/tajreid/","agency_ceo","Hi Taj — we're running Indvstry Power House at Cannes Lions, a private villa with AV studio, no-pitch zone and daily shuttles. Available for client roundtables, content sessions. Private dinner 23 Jun + fringe RSVP service.","Hi Taj,

We are running Indvstry Power House during Cannes Lions week — a private villa with dedicated AV and content facilities, daily shuttles to La Croisette, and a no-pitch policy. A number of agency leaders are using the space for private client roundtables and off-schedule sessions away from the Palais.

Given Burson's presence at the festival, the space feels like a natural fit — whether for a client briefing, a recorded session or simply a proper room to have a real conversation.

We are also hosting a private Diaspora Dinner on 23rd June for a small group of senior industry leaders.

And a useful extra: we run a fringe event RSVP concierge for guests — 2,500+ events that week, we handle the registrations.

Worth a quick word?

Amber Jacobs | Community Manager, Indvstry Clvb"
"Dan Gardner","Dan","Executive Chairman","Code and Theory","https://www.linkedin.com/in/dangardner/","agency_ceo","Hi Dan — we're running Indvstry Power House at Cannes Lions, a private villa with AV studio, no-pitch zone and daily shuttles. Available for client roundtables, content sessions. Private dinner 23 Jun + fringe RSVP service.","Hi Dan,

We are running Indvstry Power House during Cannes Lions week — a private villa with dedicated AV and content facilities, daily shuttles to La Croisette, and a no-pitch policy. A number of agency leaders are using the space for private client roundtables and off-schedule sessions away from the Palais.

Given Code and Theory's presence at the festival, the space feels like a natural fit — whether for a client briefing, a recorded session or simply a proper room to have a real conversation.

We are also hosting a private Diaspora Dinner on 23rd June for a small group of senior industry leaders.

And a useful extra: we run a fringe event RSVP concierge for guests — 2,500+ events that week, we handle the registrations.

Worth a quick word?

Amber Jacobs | Community Manager, Indvstry Clvb"
"Dejan Jovanovic","Dejan","Founder & Creative Director","DE-YAN","https://www.linkedin.com/in/dejanyov/","agency_ceo","Hi Dejan — we're running Indvstry Power House at Cannes Lions, a private villa with AV studio, no-pitch zone and daily shuttles. Available for client roundtables, content sessions. Private dinner 23 Jun + fringe RSVP service.","Hi Dejan,

We are running Indvstry Power House during Cannes Lions week — a private villa with dedicated AV and content facilities, daily shuttles to La Croisette, and a no-pitch policy. A number of agency leaders are using the space for private client roundtables and off-schedule sessions away from the Palais.

Given DE-YAN's presence at the festival, the space feels like a natural fit — whether for a client briefing, a recorded session or simply a proper room to have a real conversation.

We are also hosting a private Diaspora Dinner on 23rd June for a small group of senior industry leaders.

And a useful extra: we run a fringe event RSVP concierge for guests — 2,500+ events that week, we handle the registrations.

Worth a quick word?

Amber Jacobs | Community Manager, Indvstry Clvb"
"Richard Edelman","Richard","CEO","Edelman","https://www.linkedin.com/in/richardwedelman/","agency_ceo","Hi Richard — we're running Indvstry Power House at Cannes Lions, a private villa with AV studio, no-pitch zone and daily shuttles. Available for client roundtables, content sessions. Private dinner 23 Jun + fringe RSVP service.","Hi Richard,

We are running Indvstry Power House during Cannes Lions week — a private villa with dedicated AV and content facilities, daily shuttles to La Croisette, and a no-pitch policy. A number of agency leaders are using the space for private client roundtables and off-schedule sessions away from the Palais.

Given Edelman's presence at the festival, the space feels like a natural fit — whether for a client briefing, a recorded session or simply a proper room to have a real conversation.

We are also hosting a private Diaspora Dinner on 23rd June for a small group of senior industry leaders.

And a useful extra: we run a fringe event RSVP concierge for guests — 2,500+ events that week, we handle the registrations.

Worth a quick word?

Amber Jacobs | Community Manager, Indvstry Clvb"
"Nick Bell","Nick","CEO","Fanatics Advertising","https://www.linkedin.com/in/nick-bell-25191515/","agency_ceo","Hi Nick — we're running Indvstry Power House at Cannes Lions, a private villa with AV studio, no-pitch zone and daily shuttles. Available for client roundtables, content sessions. Private dinner 23 Jun + fringe RSVP service.","Hi Nick,

We are running Indvstry Power House during Cannes Lions week — a private villa with dedicated AV and content facilities, daily shuttles to La Croisette, and a no-pitch policy. A number of agency leaders are using the space for private client roundtables and off-schedule sessions away from the Palais.

Given Fanatics Advertising's presence at the festival, the space feels like a natural fit — whether for a client briefing, a recorded session or simply a proper room to have a real conversation.

We are also hosting a private Diaspora Dinner on 23rd June for a small group of senior industry leaders.

And a useful extra: we run a fringe event RSVP concierge for guests — 2,500+ events that week, we handle the registrations.

Worth a quick word?

Amber Jacobs | Community Manager, Indvstry Clvb"
"Jeremi Gorman","Jeremi","Chief Revenue Officer","Fanatics Advertising","https://www.linkedin.com/in/jeremigorman/","agency_ceo","Hi Jeremi — we're running Indvstry Power House at Cannes Lions, a private villa with AV studio, no-pitch zone and daily shuttles. Available for client roundtables, content sessions. Private dinner 23 Jun + fringe RSVP service.","Hi Jeremi,

We are running Indvstry Power House during Cannes Lions week — a private villa with dedicated AV and content facilities, daily shuttles to La Croisette, and a no-pitch policy. A number of agency leaders are using the space for private client roundtables and off-schedule sessions away from the Palais.

Given Fanatics Advertising's presence at the festival, the space feels like a natural fit — whether for a client briefing, a recorded session or simply a proper room to have a real conversation.

We are also hosting a private Diaspora Dinner on 23rd June for a small group of senior industry leaders.

And a useful extra: we run a fringe event RSVP concierge for guests — 2,500+ events that week, we handle the registrations.

Worth a quick word?

Amber Jacobs | Community Manager, Indvstry Clvb"
"Tyler Turnbull","Tyler","Global CEO","FCB","https://www.linkedin.com/in/tylerturnbull/","agency_ceo","Hi Tyler — we're running Indvstry Power House at Cannes Lions, a private villa with AV studio, no-pitch zone and daily shuttles. Available for client roundtables, content sessions. Private dinner 23 Jun + fringe RSVP service.","Hi Tyler,

We are running Indvstry Power House during Cannes Lions week — a private villa with dedicated AV and content facilities, daily shuttles to La Croisette, and a no-pitch policy. A number of agency leaders are using the space for private client roundtables and off-schedule sessions away from the Palais.

Given FCB's presence at the festival, the space feels like a natural fit — whether for a client briefing, a recorded session or simply a proper room to have a real conversation.

We are also hosting a private Diaspora Dinner on 23rd June for a small group of senior industry leaders.

And a useful extra: we run a fringe event RSVP concierge for guests — 2,500+ events that week, we handle the registrations.

Worth a quick word?

Amber Jacobs | Community Manager, Indvstry Clvb"
"Yannick Bollore","Yannick","Chairman & CEO","Havas","https://www.linkedin.com/in/yannickbollore/","agency_ceo","Hi Yannick — we're running Indvstry Power House at Cannes Lions, a private villa with AV studio, no-pitch zone and daily shuttles. Available for client roundtables, content sessions. Private dinner 23 Jun + fringe RSVP service.","Hi Yannick,

We are running Indvstry Power House during Cannes Lions week — a private villa with dedicated AV and content facilities, daily shuttles to La Croisette, and a no-pitch policy. A number of agency leaders are using the space for private client roundtables and off-schedule sessions away from the Palais.

Given Havas's presence at the festival, the space feels like a natural fit — whether for a client briefing, a recorded session or simply a proper room to have a real conversation.

We are also hosting a private Diaspora Dinner on 23rd June for a small group of senior industry leaders.

And a useful extra: we run a fringe event RSVP concierge for guests — 2,500+ events that week, we handle the registrations.

Worth a quick word?

Amber Jacobs | Community Manager, Indvstry Clvb"
"Devika Bulchandani","Devika","Global CEO","Ogilvy","https://www.linkedin.com/in/devika-bulchandani/","agency_ceo","Hi Devika — we're running Indvstry Power House at Cannes Lions, a private villa with AV studio, no-pitch zone and daily shuttles. Available for client roundtables, content sessions. Private dinner 23 Jun + fringe RSVP service.","Hi Devika,

We are running Indvstry Power House during Cannes Lions week — a private villa with dedicated AV and content facilities, daily shuttles to La Croisette, and a no-pitch policy. A number of agency leaders are using the space for private client roundtables and off-schedule sessions away from the Palais.

Given Ogilvy's presence at the festival, the space feels like a natural fit — whether for a client briefing, a recorded session or simply a proper room to have a real conversation.

We are also hosting a private Diaspora Dinner on 23rd June for a small group of senior industry leaders.

And a useful extra: we run a fringe event RSVP concierge for guests — 2,500+ events that week, we handle the registrations.

Worth a quick word?

Amber Jacobs | Community Manager, Indvstry Clvb"
"Michael Bierut","Michael","Partner","Pentagram","https://www.linkedin.com/in/michael-bierut-8a0a996/","agency_ceo","Hi Michael — we're running Indvstry Power House at Cannes Lions, a private villa with AV studio, no-pitch zone and daily shuttles. Available for client roundtables, content sessions. Private dinner 23 Jun + fringe RSVP service.","Hi Michael,

We are running Indvstry Power House during Cannes Lions week — a private villa with dedicated AV and content facilities, daily shuttles to La Croisette, and a no-pitch policy. A number of agency leaders are using the space for private client roundtables and off-schedule sessions away from the Palais.

Given Pentagram's presence at the festival, the space feels like a natural fit — whether for a client briefing, a recorded session or simply a proper room to have a real conversation.

We are also hosting a private Diaspora Dinner on 23rd June for a small group of senior industry leaders.

And a useful extra: we run a fringe event RSVP concierge for guests — 2,500+ events that week, we handle the registrations.

Worth a quick word?

Amber Jacobs | Community Manager, Indvstry Clvb"
"James Murphy","James","CEO","Saatchi & Saatchi","https://www.linkedin.com/in/jamesmurphyadamandeve/","agency_ceo","Hi James — we're running Indvstry Power House at Cannes Lions, a private villa with AV studio, no-pitch zone and daily shuttles. Available for client roundtables, content sessions. Private dinner 23 Jun + fringe RSVP service.","Hi James,

We are running Indvstry Power House during Cannes Lions week — a private villa with dedicated AV and content facilities, daily shuttles to La Croisette, and a no-pitch policy. A number of agency leaders are using the space for private client roundtables and off-schedule sessions away from the Palais.

Given Saatchi & Saatchi's presence at the festival, the space feels like a natural fit — whether for a client briefing, a recorded session or simply a proper room to have a real conversation.

We are also hosting a private Diaspora Dinner on 23rd June for a small group of senior industry leaders.

And a useful extra: we run a fringe event RSVP concierge for guests — 2,500+ events that week, we handle the registrations.

Worth a quick word?

Amber Jacobs | Community Manager, Indvstry Clvb"
"Mark Penn","Mark","Chairman & CEO","Stagwell","https://www.linkedin.com/in/markpenn/","agency_ceo","Hi Mark — we're running Indvstry Power House at Cannes Lions, a private villa with AV studio, no-pitch zone and daily shuttles. Available for client roundtables, content sessions. Private dinner 23 Jun + fringe RSVP service.","Hi Mark,

We are running Indvstry Power House during Cannes Lions week — a private villa with dedicated AV and content facilities, daily shuttles to La Croisette, and a no-pitch policy. A number of agency leaders are using the space for private client roundtables and off-schedule sessions away from the Palais.

Given Stagwell's presence at the festival, the space feels like a natural fit — whether for a client briefing, a recorded session or simply a proper room to have a real conversation.

We are also hosting a private Diaspora Dinner on 23rd June for a small group of senior industry leaders.

And a useful extra: we run a fringe event RSVP concierge for guests — 2,500+ events that week, we handle the registrations.

Worth a quick word?

Amber Jacobs | Community Manager, Indvstry Clvb"
"Bethany Donohue","Bethany","Global Head of Events","Stagwell","https://www.linkedin.com/in/bethanydonohue/","agency_ceo","Hi Bethany — we're running Indvstry Power House at Cannes Lions, a private villa with AV studio, no-pitch zone and daily shuttles. Available for client roundtables, content sessions. Private dinner 23 Jun + fringe RSVP service.","Hi Bethany,

We are running Indvstry Power House during Cannes Lions week — a private villa with dedicated AV and content facilities, daily shuttles to La Croisette, and a no-pitch policy. A number of agency leaders are using the space for private client roundtables and off-schedule sessions away from the Palais.

Given Stagwell's presence at the festival, the space feels like a natural fit — whether for a client briefing, a recorded session or simply a proper room to have a real conversation.

We are also hosting a private Diaspora Dinner on 23rd June for a small group of senior industry leaders.

And a useful extra: we run a fringe event RSVP concierge for guests — 2,500+ events that week, we handle the registrations.

Worth a quick word?

Amber Jacobs | Community Manager, Indvstry Clvb"
"Fredrik Thomassen","Fredrik","Co-founder & CEO","Superside","https://www.linkedin.com/in/fredrikthomassen/","agency_ceo","Hi Fredrik — we're running Indvstry Power House at Cannes Lions, a private villa with AV studio, no-pitch zone and daily shuttles. Available for client roundtables, content sessions. Private dinner 23 Jun + fringe RSVP service.","Hi Fredrik,

We are running Indvstry Power House during Cannes Lions week — a private villa with dedicated AV and content facilities, daily shuttles to La Croisette, and a no-pitch policy. A number of agency leaders are using the space for private client roundtables and off-schedule sessions away from the Palais.

Given Superside's presence at the festival, the space feels like a natural fit — whether for a client briefing, a recorded session or simply a proper room to have a real conversation.

We are also hosting a private Diaspora Dinner on 23rd June for a small group of senior industry leaders.

And a useful extra: we run a fringe event RSVP concierge for guests — 2,500+ events that week, we handle the registrations.

Worth a quick word?

Amber Jacobs | Community Manager, Indvstry Clvb"
"Jen Rapp","Jen","Chief Marketing Officer","Superside","https://www.linkedin.com/in/jenrapp/","agency_ceo","Hi Jen — we're running Indvstry Power House at Cannes Lions, a private villa with AV studio, no-pitch zone and daily shuttles. Available for client roundtables, content sessions. Private dinner 23 Jun + fringe RSVP service.","Hi Jen,

We are running Indvstry Power House during Cannes Lions week — a private villa with dedicated AV and content facilities, daily shuttles to La Croisette, and a no-pitch policy. A number of agency leaders are using the space for private client roundtables and off-schedule sessions away from the Palais.

Given Superside's presence at the festival, the space feels like a natural fit — whether for a client briefing, a recorded session or simply a proper room to have a real conversation.

We are also hosting a private Diaspora Dinner on 23rd June for a small group of senior industry leaders.

And a useful extra: we run a fringe event RSVP concierge for guests — 2,500+ events that week, we handle the registrations.

Worth a quick word?

Amber Jacobs | Community Manager, Indvstry Clvb"
"Joe Gagliese","Joe","Co-Founder & CEO","Viral Nation","https://www.linkedin.com/in/joegagliese/","agency_ceo","Hi Joe — we're running Indvstry Power House at Cannes Lions, a private villa with AV studio, no-pitch zone and daily shuttles. Available for client roundtables, content sessions. Private dinner 23 Jun + fringe RSVP service.","Hi Joe,

We are running Indvstry Power House during Cannes Lions week — a private villa with dedicated AV and content facilities, daily shuttles to La Croisette, and a no-pitch policy. A number of agency leaders are using the space for private client roundtables and off-schedule sessions away from the Palais.

Given Viral Nation's presence at the festival, the space feels like a natural fit — whether for a client briefing, a recorded session or simply a proper room to have a real conversation.

We are also hosting a private Diaspora Dinner on 23rd June for a small group of senior industry leaders.

And a useful extra: we run a fringe event RSVP concierge for guests — 2,500+ events that week, we handle the registrations.

Worth a quick word?

Amber Jacobs | Community Manager, Indvstry Clvb"
"Kyle Monson","Kyle","Co-Founder","Codeword","https://www.linkedin.com/in/kylemonson/","agency_ceo","Hi Kyle — we're running Indvstry Power House at Cannes Lions, a private villa with AV studio, no-pitch zone and daily shuttles. Available for client roundtables, content sessions. Private dinner 23 Jun + fringe RSVP service.","Hi Kyle,

We are running Indvstry Power House during Cannes Lions week — a private villa with dedicated AV and content facilities, daily shuttles to La Croisette, and a no-pitch policy. A number of agency leaders are using the space for private client roundtables and off-schedule sessions away from the Palais.

Given Codeword's presence at the festival, the space feels like a natural fit — whether for a client briefing, a recorded session or simply a proper room to have a real conversation.

We are also hosting a private Diaspora Dinner on 23rd June for a small group of senior industry leaders.

And a useful extra: we run a fringe event RSVP concierge for guests — 2,500+ events that week, we handle the registrations.

Worth a quick word?

Amber Jacobs | Community Manager, Indvstry Clvb"
"Ryan Detert","Ryan","CEO","Collectively (Brandtech)","https://www.linkedin.com/in/ryandetert/","agency_ceo","Hi Ryan — we're running Indvstry Power House at Cannes Lions, a private villa with AV studio, no-pitch zone and daily shuttles. Available for client roundtables, content sessions. Private dinner 23 Jun + fringe RSVP service.","Hi Ryan,

We are running Indvstry Power House during Cannes Lions week — a private villa with dedicated AV and content facilities, daily shuttles to La Croisette, and a no-pitch policy. A number of agency leaders are using the space for private client roundtables and off-schedule sessions away from the Palais.

Given Collectively (Brandtech)'s presence at the festival, the space feels like a natural fit — whether for a client briefing, a recorded session or simply a proper room to have a real conversation.

We are also hosting a private Diaspora Dinner on 23rd June for a small group of senior industry leaders.

And a useful extra: we run a fringe event RSVP concierge for guests — 2,500+ events that week, we handle the registrations.

Worth a quick word?

Amber Jacobs | Community Manager, Indvstry Clvb"
"Agelos Relias","Agelos","Head of Empathy Lab","EPAM","https://www.linkedin.com/in/arelias/","agency_ceo","Hi Agelos — we're running Indvstry Power House at Cannes Lions, a private villa with AV studio, no-pitch zone and daily shuttles. Available for client roundtables, content sessions. Private dinner 23 Jun + fringe RSVP service.","Hi Agelos,

We are running Indvstry Power House during Cannes Lions week — a private villa with dedicated AV and content facilities, daily shuttles to La Croisette, and a no-pitch policy. A number of agency leaders are using the space for private client roundtables and off-schedule sessions away from the Palais.

Given EPAM's presence at the festival, the space feels like a natural fit — whether for a client briefing, a recorded session or simply a proper room to have a real conversation.

We are also hosting a private Diaspora Dinner on 23rd June for a small group of senior industry leaders.

And a useful extra: we run a fringe event RSVP concierge for guests — 2,500+ events that week, we handle the registrations.

Worth a quick word?

Amber Jacobs | Community Manager, Indvstry Clvb"
"James Smyllie","James","President","Fetch (Dentsu)","https://www.linkedin.com/in/jamessmyllie/","agency_ceo","Hi James — we're running Indvstry Power House at Cannes Lions, a private villa with AV studio, no-pitch zone and daily shuttles. Available for client roundtables, content sessions. Private dinner 23 Jun + fringe RSVP service.","Hi James,

We are running Indvstry Power House during Cannes Lions week — a private villa with dedicated AV and content facilities, daily shuttles to La Croisette, and a no-pitch policy. A number of agency leaders are using the space for private client roundtables and off-schedule sessions away from the Palais.

Given Fetch (Dentsu)'s presence at the festival, the space feels like a natural fit — whether for a client briefing, a recorded session or simply a proper room to have a real conversation.

We are also hosting a private Diaspora Dinner on 23rd June for a small group of senior industry leaders.

And a useful extra: we run a fringe event RSVP concierge for guests — 2,500+ events that week, we handle the registrations.

Worth a quick word?

Amber Jacobs | Community Manager, Indvstry Clvb"
"Stacy Martinet","Stacy","VP, Marketing Strategy & Communications","Adobe","https://www.linkedin.com/in/stacymartinet/","tech_platform","Hi Stacy — running Indvstry Power House at Cannes Lions, a private villa with no-pitch policy. Neutral briefing space for client meetings, AV for demos and recordings. Private dinner 23 Jun + fringe event RSVP service.","Hi Stacy,

We are running Indvstry Power House during Cannes Lions week — a private villa with daily shuttles to La Croisette, AV facilities, and a strictly no-pitch, no-branded environment.

For tech and platform leaders at Cannes, having neutral ground away from the beach clubs makes a real difference when you need honest client conversations or a quiet space to demo something. The villa is available throughout the week for private briefings and small sessions.

We are also hosting a private Diaspora Dinner on 23rd June and running a fringe event RSVP concierge — 2,500+ events happen that week and we handle the registrations so the right ones are confirmed.

Happy to share more.

Amber Jacobs | Community Manager, Indvstry Clvb"
"Parbinder Dhariwal","Parbinder","VP & General Manager","CVS Media Exchange","https://www.linkedin.com/in/parbinderdhariwal/","tech_platform","Hi Parbinder — running Indvstry Power House at Cannes Lions, a private villa with no-pitch policy. Neutral briefing space for client meetings, AV for demos and recordings. Private dinner 23 Jun + fringe event RSVP service.","Hi Parbinder,

We are running Indvstry Power House during Cannes Lions week — a private villa with daily shuttles to La Croisette, AV facilities, and a strictly no-pitch, no-branded environment.

For tech and platform leaders at Cannes, having neutral ground away from the beach clubs makes a real difference when you need honest client conversations or a quiet space to demo something. The villa is available throughout the week for private briefings and small sessions.

We are also hosting a private Diaspora Dinner on 23rd June and running a fringe event RSVP concierge — 2,500+ events happen that week and we handle the registrations so the right ones are confirmed.

Happy to share more.

Amber Jacobs | Community Manager, Indvstry Clvb"
"Rich Donahue","Rich","Chief Marketing Officer","Ibotta Performance Network","https://www.linkedin.com/in/donahuerich/","tech_platform","Hi Rich — running Indvstry Power House at Cannes Lions, a private villa with no-pitch policy. Neutral briefing space for client meetings, AV for demos and recordings. Private dinner 23 Jun + fringe event RSVP service.","Hi Rich,

We are running Indvstry Power House during Cannes Lions week — a private villa with daily shuttles to La Croisette, AV facilities, and a strictly no-pitch, no-branded environment.

For tech and platform leaders at Cannes, having neutral ground away from the beach clubs makes a real difference when you need honest client conversations or a quiet space to demo something. The villa is available throughout the week for private briefings and small sessions.

We are also hosting a private Diaspora Dinner on 23rd June and running a fringe event RSVP concierge — 2,500+ events happen that week and we handle the registrations so the right ones are confirmed.

Happy to share more.

Amber Jacobs | Community Manager, Indvstry Clvb"
"Reed Barker","Reed","Head of Advertising","Philo","https://www.linkedin.com/in/reedbarker/","tech_platform","Hi Reed — running Indvstry Power House at Cannes Lions, a private villa with no-pitch policy. Neutral briefing space for client meetings, AV for demos and recordings. Private dinner 23 Jun + fringe event RSVP service.","Hi Reed,

We are running Indvstry Power House during Cannes Lions week — a private villa with daily shuttles to La Croisette, AV facilities, and a strictly no-pitch, no-branded environment.

For tech and platform leaders at Cannes, having neutral ground away from the beach clubs makes a real difference when you need honest client conversations or a quiet space to demo something. The villa is available throughout the week for private briefings and small sessions.

We are also hosting a private Diaspora Dinner on 23rd June and running a fringe event RSVP concierge — 2,500+ events happen that week and we handle the registrations so the right ones are confirmed.

Happy to share more.

Amber Jacobs | Community Manager, Indvstry Clvb"
"Jean-Gabriel de Mourgues","Jean-Gabriel","EVP, Mirakl Ads","Mirakl","https://www.linkedin.com/in/jgmourgues/","tech_platform","Hi Jean-Gabriel — running Indvstry Power House at Cannes Lions, a private villa with no-pitch policy. Neutral briefing space for client meetings, AV for demos and recordings. Private dinner 23 Jun + fringe event RSVP service.","Hi Jean-Gabriel,

We are running Indvstry Power House during Cannes Lions week — a private villa with daily shuttles to La Croisette, AV facilities, and a strictly no-pitch, no-branded environment.

For tech and platform leaders at Cannes, having neutral ground away from the beach clubs makes a real difference when you need honest client conversations or a quiet space to demo something. The villa is available throughout the week for private briefings and small sessions.

We are also hosting a private Diaspora Dinner on 23rd June and running a fringe event RSVP concierge — 2,500+ events happen that week and we handle the registrations so the right ones are confirmed.

Happy to share more.

Amber Jacobs | Community Manager, Indvstry Clvb"
"Brandon Geary","Brandon","Chief Strategy Officer","GroundTruth","https://www.linkedin.com/in/brandongeary/","tech_platform","Hi Brandon — running Indvstry Power House at Cannes Lions, a private villa with no-pitch policy. Neutral briefing space for client meetings, AV for demos and recordings. Private dinner 23 Jun + fringe event RSVP service.","Hi Brandon,

We are running Indvstry Power House during Cannes Lions week — a private villa with daily shuttles to La Croisette, AV facilities, and a strictly no-pitch, no-branded environment.

For tech and platform leaders at Cannes, having neutral ground away from the beach clubs makes a real difference when you need honest client conversations or a quiet space to demo something. The villa is available throughout the week for private briefings and small sessions.

We are also hosting a private Diaspora Dinner on 23rd June and running a fringe event RSVP concierge — 2,500+ events happen that week and we handle the registrations so the right ones are confirmed.

Happy to share more.

Amber Jacobs | Community Manager, Indvstry Clvb"
"Jay Altschuler","Jay","Chief Revenue Officer","Dstillery","https://www.linkedin.com/in/jayaltschuler/","tech_platform","Hi Jay — running Indvstry Power House at Cannes Lions, a private villa with no-pitch policy. Neutral briefing space for client meetings, AV for demos and recordings. Private dinner 23 Jun + fringe event RSVP service.","Hi Jay,

We are running Indvstry Power House during Cannes Lions week — a private villa with daily shuttles to La Croisette, AV facilities, and a strictly no-pitch, no-branded environment.

For tech and platform leaders at Cannes, having neutral ground away from the beach clubs makes a real difference when you need honest client conversations or a quiet space to demo something. The villa is available throughout the week for private briefings and small sessions.

We are also hosting a private Diaspora Dinner on 23rd June and running a fringe event RSVP concierge — 2,500+ events happen that week and we handle the registrations so the right ones are confirmed.

Happy to share more.

Amber Jacobs | Community Manager, Indvstry Clvb"
"Harshit Jain","Harshit","Founder & Global CEO","Doceree","https://www.linkedin.com/in/drharshitjain/","tech_platform","Hi Harshit — running Indvstry Power House at Cannes Lions, a private villa with no-pitch policy. Neutral briefing space for client meetings, AV for demos and recordings. Private dinner 23 Jun + fringe event RSVP service.","Hi Harshit,

We are running Indvstry Power House during Cannes Lions week — a private villa with daily shuttles to La Croisette, AV facilities, and a strictly no-pitch, no-branded environment.

For tech and platform leaders at Cannes, having neutral ground away from the beach clubs makes a real difference when you need honest client conversations or a quiet space to demo something. The villa is available throughout the week for private briefings and small sessions.

We are also hosting a private Diaspora Dinner on 23rd June and running a fringe event RSVP concierge — 2,500+ events happen that week and we handle the registrations so the right ones are confirmed.

Happy to share more.

Amber Jacobs | Community Manager, Indvstry Clvb"
"Aaron Goforth","Aaron","President, Media","Inmar Media","https://www.linkedin.com/in/aarongoforth/","tech_platform","Hi Aaron — running Indvstry Power House at Cannes Lions, a private villa with no-pitch policy. Neutral briefing space for client meetings, AV for demos and recordings. Private dinner 23 Jun + fringe event RSVP service.","Hi Aaron,

We are running Indvstry Power House during Cannes Lions week — a private villa with daily shuttles to La Croisette, AV facilities, and a strictly no-pitch, no-branded environment.

For tech and platform leaders at Cannes, having neutral ground away from the beach clubs makes a real difference when you need honest client conversations or a quiet space to demo something. The villa is available throughout the week for private briefings and small sessions.

We are also hosting a private Diaspora Dinner on 23rd June and running a fringe event RSVP concierge — 2,500+ events happen that week and we handle the registrations so the right ones are confirmed.

Happy to share more.

Amber Jacobs | Community Manager, Indvstry Clvb"
"James Douglas","James","CEO & Founder","EightPM","https://www.linkedin.com/in/james-douglas-eightpm/","tech_platform","Hi James — running Indvstry Power House at Cannes Lions, a private villa with no-pitch policy. Neutral briefing space for client meetings, AV for demos and recordings. Private dinner 23 Jun + fringe event RSVP service.","Hi James,

We are running Indvstry Power House during Cannes Lions week — a private villa with daily shuttles to La Croisette, AV facilities, and a strictly no-pitch, no-branded environment.

For tech and platform leaders at Cannes, having neutral ground away from the beach clubs makes a real difference when you need honest client conversations or a quiet space to demo something. The villa is available throughout the week for private briefings and small sessions.

We are also hosting a private Diaspora Dinner on 23rd June and running a fringe event RSVP concierge — 2,500+ events happen that week and we handle the registrations so the right ones are confirmed.

Happy to share more.

Amber Jacobs | Community Manager, Indvstry Clvb"
"Michael Epstein","Michael","Global CEO, Starcom","SMG","https://www.linkedin.com/in/michael-epstein-0466b04/","tech_platform","Hi Michael — running Indvstry Power House at Cannes Lions, a private villa with no-pitch policy. Neutral briefing space for client meetings, AV for demos and recordings. Private dinner 23 Jun + fringe event RSVP service.","Hi Michael,

We are running Indvstry Power House during Cannes Lions week — a private villa with daily shuttles to La Croisette, AV facilities, and a strictly no-pitch, no-branded environment.

For tech and platform leaders at Cannes, having neutral ground away from the beach clubs makes a real difference when you need honest client conversations or a quiet space to demo something. The villa is available throughout the week for private briefings and small sessions.

We are also hosting a private Diaspora Dinner on 23rd June and running a fringe event RSVP concierge — 2,500+ events happen that week and we handle the registrations so the right ones are confirmed.

Happy to share more.

Amber Jacobs | Community Manager, Indvstry Clvb"
"Kristine Casale","Kristine","VP, Marketing & Communications","Sparks (Freeman)","https://www.linkedin.com/in/kristicasale/","tech_platform","Hi Kristine — running Indvstry Power House at Cannes Lions, a private villa with no-pitch policy. Neutral briefing space for client meetings, AV for demos and recordings. Private dinner 23 Jun + fringe event RSVP service.","Hi Kristine,

We are running Indvstry Power House during Cannes Lions week — a private villa with daily shuttles to La Croisette, AV facilities, and a strictly no-pitch, no-branded environment.

For tech and platform leaders at Cannes, having neutral ground away from the beach clubs makes a real difference when you need honest client conversations or a quiet space to demo something. The villa is available throughout the week for private briefings and small sessions.

We are also hosting a private Diaspora Dinner on 23rd June and running a fringe event RSVP concierge — 2,500+ events happen that week and we handle the registrations so the right ones are confirmed.

Happy to share more.

Amber Jacobs | Community Manager, Indvstry Clvb"
"Eric Boyko","Eric","President, Co-Founder and CEO","Stingray","https://www.linkedin.com/in/ericboyko/","tech_platform","Hi Eric — running Indvstry Power House at Cannes Lions, a private villa with no-pitch policy. Neutral briefing space for client meetings, AV for demos and recordings. Private dinner 23 Jun + fringe event RSVP service.","Hi Eric,

We are running Indvstry Power House during Cannes Lions week — a private villa with daily shuttles to La Croisette, AV facilities, and a strictly no-pitch, no-branded environment.

For tech and platform leaders at Cannes, having neutral ground away from the beach clubs makes a real difference when you need honest client conversations or a quiet space to demo something. The villa is available throughout the week for private briefings and small sessions.

We are also hosting a private Diaspora Dinner on 23rd June and running a fringe event RSVP concierge — 2,500+ events happen that week and we handle the registrations so the right ones are confirmed.

Happy to share more.

Amber Jacobs | Community Manager, Indvstry Clvb"
"David Steinberg","David","Co-Founder, Chairman and CEO","Zeta Global","https://www.linkedin.com/in/davidasteinberg/","tech_platform","Hi David — running Indvstry Power House at Cannes Lions, a private villa with no-pitch policy. Neutral briefing space for client meetings, AV for demos and recordings. Private dinner 23 Jun + fringe event RSVP service.","Hi David,

We are running Indvstry Power House during Cannes Lions week — a private villa with daily shuttles to La Croisette, AV facilities, and a strictly no-pitch, no-branded environment.

For tech and platform leaders at Cannes, having neutral ground away from the beach clubs makes a real difference when you need honest client conversations or a quiet space to demo something. The villa is available throughout the week for private briefings and small sessions.

We are also hosting a private Diaspora Dinner on 23rd June and running a fringe event RSVP concierge — 2,500+ events happen that week and we handle the registrations so the right ones are confirmed.

Happy to share more.

Amber Jacobs | Community Manager, Indvstry Clvb"
"Matt Sattel","Matt","Chief Executive Officer","OpenX","https://www.linkedin.com/in/mattsattel/","tech_platform","Hi Matt — running Indvstry Power House at Cannes Lions, a private villa with no-pitch policy. Neutral briefing space for client meetings, AV for demos and recordings. Private dinner 23 Jun + fringe event RSVP service.","Hi Matt,

We are running Indvstry Power House during Cannes Lions week — a private villa with daily shuttles to La Croisette, AV facilities, and a strictly no-pitch, no-branded environment.

For tech and platform leaders at Cannes, having neutral ground away from the beach clubs makes a real difference when you need honest client conversations or a quiet space to demo something. The villa is available throughout the week for private briefings and small sessions.

We are also hosting a private Diaspora Dinner on 23rd June and running a fringe event RSVP concierge — 2,500+ events happen that week and we handle the registrations so the right ones are confirmed.

Happy to share more.

Amber Jacobs | Community Manager, Indvstry Clvb"
"Tim Vanderhook","Tim","Co-Founder & CEO","Viant Technology","https://www.linkedin.com/in/tim-vanderhook-29a3971/","tech_platform","Hi Tim — running Indvstry Power House at Cannes Lions, a private villa with no-pitch policy. Neutral briefing space for client meetings, AV for demos and recordings. Private dinner 23 Jun + fringe event RSVP service.","Hi Tim,

We are running Indvstry Power House during Cannes Lions week — a private villa with daily shuttles to La Croisette, AV facilities, and a strictly no-pitch, no-branded environment.

For tech and platform leaders at Cannes, having neutral ground away from the beach clubs makes a real difference when you need honest client conversations or a quiet space to demo something. The villa is available throughout the week for private briefings and small sessions.

We are also hosting a private Diaspora Dinner on 23rd June and running a fringe event RSVP concierge — 2,500+ events happen that week and we handle the registrations so the right ones are confirmed.

Happy to share more.

Amber Jacobs | Community Manager, Indvstry Clvb"
"Chris Vanderhook","Chris","Co-Founder & COO","Viant Technology","https://www.linkedin.com/in/chrisvanderhook/","tech_platform","Hi Chris — running Indvstry Power House at Cannes Lions, a private villa with no-pitch policy. Neutral briefing space for client meetings, AV for demos and recordings. Private dinner 23 Jun + fringe event RSVP service.","Hi Chris,

We are running Indvstry Power House during Cannes Lions week — a private villa with daily shuttles to La Croisette, AV facilities, and a strictly no-pitch, no-branded environment.

For tech and platform leaders at Cannes, having neutral ground away from the beach clubs makes a real difference when you need honest client conversations or a quiet space to demo something. The villa is available throughout the week for private briefings and small sessions.

We are also hosting a private Diaspora Dinner on 23rd June and running a fringe event RSVP concierge — 2,500+ events happen that week and we handle the registrations so the right ones are confirmed.

Happy to share more.

Amber Jacobs | Community Manager, Indvstry Clvb"
"Kaz Ohta","Kaz","CEO and Co-Founder","Treasure AI","https://www.linkedin.com/in/kazohta/","tech_platform","Hi Kaz — running Indvstry Power House at Cannes Lions, a private villa with no-pitch policy. Neutral briefing space for client meetings, AV for demos and recordings. Private dinner 23 Jun + fringe event RSVP service.","Hi Kaz,

We are running Indvstry Power House during Cannes Lions week — a private villa with daily shuttles to La Croisette, AV facilities, and a strictly no-pitch, no-branded environment.

For tech and platform leaders at Cannes, having neutral ground away from the beach clubs makes a real difference when you need honest client conversations or a quiet space to demo something. The villa is available throughout the week for private briefings and small sessions.

We are also hosting a private Diaspora Dinner on 23rd June and running a fringe event RSVP concierge — 2,500+ events happen that week and we handle the registrations so the right ones are confirmed.

Happy to share more.

Amber Jacobs | Community Manager, Indvstry Clvb"
"Stu Solomon","Stu","Chief Executive Officer","HUMAN Security","https://www.linkedin.com/in/stu-solomon-5183882/","tech_platform","Hi Stu — running Indvstry Power House at Cannes Lions, a private villa with no-pitch policy. Neutral briefing space for client meetings, AV for demos and recordings. Private dinner 23 Jun + fringe event RSVP service.","Hi Stu,

We are running Indvstry Power House during Cannes Lions week — a private villa with daily shuttles to La Croisette, AV facilities, and a strictly no-pitch, no-branded environment.

For tech and platform leaders at Cannes, having neutral ground away from the beach clubs makes a real difference when you need honest client conversations or a quiet space to demo something. The villa is available throughout the week for private briefings and small sessions.

We are also hosting a private Diaspora Dinner on 23rd June and running a fringe event RSVP concierge — 2,500+ events happen that week and we handle the registrations so the right ones are confirmed.

Happy to share more.

Amber Jacobs | Community Manager, Indvstry Clvb"
"Steve Phillips","Steve","Founder & CEO","Zappi","https://www.linkedin.com/in/steve-phillips-zappi/","tech_platform","Hi Steve — running Indvstry Power House at Cannes Lions, a private villa with no-pitch policy. Neutral briefing space for client meetings, AV for demos and recordings. Private dinner 23 Jun + fringe event RSVP service.","Hi Steve,

We are running Indvstry Power House during Cannes Lions week — a private villa with daily shuttles to La Croisette, AV facilities, and a strictly no-pitch, no-branded environment.

For tech and platform leaders at Cannes, having neutral ground away from the beach clubs makes a real difference when you need honest client conversations or a quiet space to demo something. The villa is available throughout the week for private briefings and small sessions.

We are also hosting a private Diaspora Dinner on 23rd June and running a fringe event RSVP concierge — 2,500+ events happen that week and we handle the registrations so the right ones are confirmed.

Happy to share more.

Amber Jacobs | Community Manager, Indvstry Clvb"
"Rich Raddon","Rich","Co-Founder & Co-CEO","Zefr","https://www.linkedin.com/in/richraddon/","tech_platform","Hi Rich — running Indvstry Power House at Cannes Lions, a private villa with no-pitch policy. Neutral briefing space for client meetings, AV for demos and recordings. Private dinner 23 Jun + fringe event RSVP service.","Hi Rich,

We are running Indvstry Power House during Cannes Lions week — a private villa with daily shuttles to La Croisette, AV facilities, and a strictly no-pitch, no-branded environment.

For tech and platform leaders at Cannes, having neutral ground away from the beach clubs makes a real difference when you need honest client conversations or a quiet space to demo something. The villa is available throughout the week for private briefings and small sessions.

We are also hosting a private Diaspora Dinner on 23rd June and running a fringe event RSVP concierge — 2,500+ events happen that week and we handle the registrations so the right ones are confirmed.

Happy to share more.

Amber Jacobs | Community Manager, Indvstry Clvb"
"Zach James","Zach","Co-Founder & Co-CEO","Zefr","https://www.linkedin.com/in/zachjames/","tech_platform","Hi Zach — running Indvstry Power House at Cannes Lions, a private villa with no-pitch policy. Neutral briefing space for client meetings, AV for demos and recordings. Private dinner 23 Jun + fringe event RSVP service.","Hi Zach,

We are running Indvstry Power House during Cannes Lions week — a private villa with daily shuttles to La Croisette, AV facilities, and a strictly no-pitch, no-branded environment.

For tech and platform leaders at Cannes, having neutral ground away from the beach clubs makes a real difference when you need honest client conversations or a quiet space to demo something. The villa is available throughout the week for private briefings and small sessions.

We are also hosting a private Diaspora Dinner on 23rd June and running a fringe event RSVP concierge — 2,500+ events happen that week and we handle the registrations so the right ones are confirmed.

Happy to share more.

Amber Jacobs | Community Manager, Indvstry Clvb"
"Jochen Schlosser","Jochen","Chief Strategy Officer","Adform","https://www.linkedin.com/in/jochenschlosser/","tech_platform","Hi Jochen — running Indvstry Power House at Cannes Lions, a private villa with no-pitch policy. Neutral briefing space for client meetings, AV for demos and recordings. Private dinner 23 Jun + fringe event RSVP service.","Hi Jochen,

We are running Indvstry Power House during Cannes Lions week — a private villa with daily shuttles to La Croisette, AV facilities, and a strictly no-pitch, no-branded environment.

For tech and platform leaders at Cannes, having neutral ground away from the beach clubs makes a real difference when you need honest client conversations or a quiet space to demo something. The villa is available throughout the week for private briefings and small sessions.

We are also hosting a private Diaspora Dinner on 23rd June and running a fringe event RSVP concierge — 2,500+ events happen that week and we handle the registrations so the right ones are confirmed.

Happy to share more.

Amber Jacobs | Community Manager, Indvstry Clvb"
"Ryan Kangisser","Ryan","Chief Strategy Officer","MediaSense","https://www.linkedin.com/in/ryankangisser/","tech_platform","Hi Ryan — running Indvstry Power House at Cannes Lions, a private villa with no-pitch policy. Neutral briefing space for client meetings, AV for demos and recordings. Private dinner 23 Jun + fringe event RSVP service.","Hi Ryan,

We are running Indvstry Power House during Cannes Lions week — a private villa with daily shuttles to La Croisette, AV facilities, and a strictly no-pitch, no-branded environment.

For tech and platform leaders at Cannes, having neutral ground away from the beach clubs makes a real difference when you need honest client conversations or a quiet space to demo something. The villa is available throughout the week for private briefings and small sessions.

We are also hosting a private Diaspora Dinner on 23rd June and running a fringe event RSVP concierge — 2,500+ events happen that week and we handle the registrations so the right ones are confirmed.

Happy to share more.

Amber Jacobs | Community Manager, Indvstry Clvb"
"John McElroy","John","CEO","Epsilon (Publicis)","https://www.linkedin.com/in/john-mcelroy-epsilon/","tech_platform","Hi John — running Indvstry Power House at Cannes Lions, a private villa with no-pitch policy. Neutral briefing space for client meetings, AV for demos and recordings. Private dinner 23 Jun + fringe event RSVP service.","Hi John,

We are running Indvstry Power House during Cannes Lions week — a private villa with daily shuttles to La Croisette, AV facilities, and a strictly no-pitch, no-branded environment.

For tech and platform leaders at Cannes, having neutral ground away from the beach clubs makes a real difference when you need honest client conversations or a quiet space to demo something. The villa is available throughout the week for private briefings and small sessions.

We are also hosting a private Diaspora Dinner on 23rd June and running a fringe event RSVP concierge — 2,500+ events happen that week and we handle the registrations so the right ones are confirmed.

Happy to share more.

Amber Jacobs | Community Manager, Indvstry Clvb"
"Ric Elert","Ric","President & Chief Operating Officer","Epsilon","https://www.linkedin.com/in/ricelert/","tech_platform","Hi Ric — running Indvstry Power House at Cannes Lions, a private villa with no-pitch policy. Neutral briefing space for client meetings, AV for demos and recordings. Private dinner 23 Jun + fringe event RSVP service.","Hi Ric,

We are running Indvstry Power House during Cannes Lions week — a private villa with daily shuttles to La Croisette, AV facilities, and a strictly no-pitch, no-branded environment.

For tech and platform leaders at Cannes, having neutral ground away from the beach clubs makes a real difference when you need honest client conversations or a quiet space to demo something. The villa is available throughout the week for private briefings and small sessions.

We are also hosting a private Diaspora Dinner on 23rd June and running a fringe event RSVP concierge — 2,500+ events happen that week and we handle the registrations so the right ones are confirmed.

Happy to share more.

Amber Jacobs | Community Manager, Indvstry Clvb"
"Michael Hahn","Michael","CEO","LG Ad Solutions","https://www.linkedin.com/in/michaelhahn/","tech_platform","Hi Michael — running Indvstry Power House at Cannes Lions, a private villa with no-pitch policy. Neutral briefing space for client meetings, AV for demos and recordings. Private dinner 23 Jun + fringe event RSVP service.","Hi Michael,

We are running Indvstry Power House during Cannes Lions week — a private villa with daily shuttles to La Croisette, AV facilities, and a strictly no-pitch, no-branded environment.

For tech and platform leaders at Cannes, having neutral ground away from the beach clubs makes a real difference when you need honest client conversations or a quiet space to demo something. The villa is available throughout the week for private briefings and small sessions.

We are also hosting a private Diaspora Dinner on 23rd June and running a fringe event RSVP concierge — 2,500+ events happen that week and we handle the registrations so the right ones are confirmed.

Happy to share more.

Amber Jacobs | Community Manager, Indvstry Clvb"
"Serge Matta","Serge","President, Global Sales & Marketing","LG Ad Solutions","https://www.linkedin.com/in/sergematta/","tech_platform","Hi Serge — running Indvstry Power House at Cannes Lions, a private villa with no-pitch policy. Neutral briefing space for client meetings, AV for demos and recordings. Private dinner 23 Jun + fringe event RSVP service.","Hi Serge,

We are running Indvstry Power House during Cannes Lions week — a private villa with daily shuttles to La Croisette, AV facilities, and a strictly no-pitch, no-branded environment.

For tech and platform leaders at Cannes, having neutral ground away from the beach clubs makes a real difference when you need honest client conversations or a quiet space to demo something. The villa is available throughout the week for private briefings and small sessions.

We are also hosting a private Diaspora Dinner on 23rd June and running a fringe event RSVP concierge — 2,500+ events happen that week and we handle the registrations so the right ones are confirmed.

Happy to share more.

Amber Jacobs | Community Manager, Indvstry Clvb"
"John Boris","John","Chief Growth Officer","Tripadvisor","https://www.linkedin.com/in/johnboris/","tech_platform","Hi John — running Indvstry Power House at Cannes Lions, a private villa with no-pitch policy. Neutral briefing space for client meetings, AV for demos and recordings. Private dinner 23 Jun + fringe event RSVP service.","Hi John,

We are running Indvstry Power House during Cannes Lions week — a private villa with daily shuttles to La Croisette, AV facilities, and a strictly no-pitch, no-branded environment.

For tech and platform leaders at Cannes, having neutral ground away from the beach clubs makes a real difference when you need honest client conversations or a quiet space to demo something. The villa is available throughout the week for private briefings and small sessions.

We are also hosting a private Diaspora Dinner on 23rd June and running a fringe event RSVP concierge — 2,500+ events happen that week and we handle the registrations so the right ones are confirmed.

Happy to share more.

Amber Jacobs | Community Manager, Indvstry Clvb"
"Christine Maguire","Christine","VP, Global Advertising Revenue","Tripadvisor","https://www.linkedin.com/in/christinemaguire/","tech_platform","Hi Christine — running Indvstry Power House at Cannes Lions, a private villa with no-pitch policy. Neutral briefing space for client meetings, AV for demos and recordings. Private dinner 23 Jun + fringe event RSVP service.","Hi Christine,

We are running Indvstry Power House during Cannes Lions week — a private villa with daily shuttles to La Croisette, AV facilities, and a strictly no-pitch, no-branded environment.

For tech and platform leaders at Cannes, having neutral ground away from the beach clubs makes a real difference when you need honest client conversations or a quiet space to demo something. The villa is available throughout the week for private briefings and small sessions.

We are also hosting a private Diaspora Dinner on 23rd June and running a fringe event RSVP concierge — 2,500+ events happen that week and we handle the registrations so the right ones are confirmed.

Happy to share more.

Amber Jacobs | Community Manager, Indvstry Clvb"
"Simon Cook","Simon","CEO","Cannes Lions","https://www.linkedin.com/in/simon-cook-84a14125/","industry_org","Hi Simon — we're running Indvstry Power House at Cannes Lions, a private villa with daily shuttles, AV studio and no-pitch policy. Hosting a private dinner 23 Jun for senior leaders. Also running fringe event RSVP concierge. Worth connecting.","Hi Simon,

We are running Indvstry Power House during Cannes Lions week — a private villa with daily shuttles to La Croisette, content facilities, and a no-pitch policy.

Given your work at Cannes Lions and your presence at the festival, we think the space could be genuinely useful — whether for a private meeting, a recorded conversation or simply a proper base away from the Palais.

We are also hosting a private Diaspora Dinner on Tuesday 23rd June — a small, curated group of senior leaders, entirely off the official schedule.

And with 2,500+ fringe events happening that week, we are running a concierge RSVP service for guests — we handle the registrations so you do not miss the ones that matter.

Happy to share more.

Amber Jacobs | Community Manager, Indvstry Clvb"
"Paul Kemp-Robertson","Paul","Co-founder","Contagious","https://www.linkedin.com/in/paulkemprobertson/","industry_org","Hi Paul — we're running Indvstry Power House at Cannes Lions, a private villa with daily shuttles, AV studio and no-pitch policy. Hosting a private dinner 23 Jun for senior leaders. Also running fringe event RSVP concierge. Worth connecting.","Hi Paul,

We are running Indvstry Power House during Cannes Lions week — a private villa with daily shuttles to La Croisette, content facilities, and a no-pitch policy.

Given your work at Contagious and your presence at the festival, we think the space could be genuinely useful — whether for a private meeting, a recorded conversation or simply a proper base away from the Palais.

We are also hosting a private Diaspora Dinner on Tuesday 23rd June — a small, curated group of senior leaders, entirely off the official schedule.

And with 2,500+ fringe events happening that week, we are running a concierge RSVP service for guests — we handle the registrations so you do not miss the ones that matter.

Happy to share more.

Amber Jacobs | Community Manager, Indvstry Clvb"
"Carsten Koerl","Carsten","CEO","Sportradar","https://www.linkedin.com/in/carstenkoerl/","industry_org","Hi Carsten — we're running Indvstry Power House at Cannes Lions, a private villa with daily shuttles, AV studio and no-pitch policy. Hosting a private dinner 23 Jun for senior leaders. Also running fringe event RSVP concierge. Worth connecting.","Hi Carsten,

We are running Indvstry Power House during Cannes Lions week — a private villa with daily shuttles to La Croisette, content facilities, and a no-pitch policy.

Given your work at Sportradar and your presence at the festival, we think the space could be genuinely useful — whether for a private meeting, a recorded conversation or simply a proper base away from the Palais.

We are also hosting a private Diaspora Dinner on Tuesday 23rd June — a small, curated group of senior leaders, entirely off the official schedule.

And with 2,500+ fringe events happening that week, we are running a concierge RSVP service for guests — we handle the registrations so you do not miss the ones that matter.

Happy to share more.

Amber Jacobs | Community Manager, Indvstry Clvb"
"Damon Westbury","Damon","CEO","Sweatwork","https://www.linkedin.com/in/damonwestbury/","industry_org","Hi Damon — we're running Indvstry Power House at Cannes Lions, a private villa with daily shuttles, AV studio and no-pitch policy. Hosting a private dinner 23 Jun for senior leaders. Also running fringe event RSVP concierge. Worth connecting.","Hi Damon,

We are running Indvstry Power House during Cannes Lions week — a private villa with daily shuttles to La Croisette, content facilities, and a no-pitch policy.

Given your work at Sweatwork and your presence at the festival, we think the space could be genuinely useful — whether for a private meeting, a recorded conversation or simply a proper base away from the Palais.

We are also hosting a private Diaspora Dinner on Tuesday 23rd June — a small, curated group of senior leaders, entirely off the official schedule.

And with 2,500+ fringe events happening that week, we are running a concierge RSVP service for guests — we handle the registrations so you do not miss the ones that matter.

Happy to share more.

Amber Jacobs | Community Manager, Indvstry Clvb"
"Sophie Devonshire","Sophie","CEO","The Marketing Society","https://www.linkedin.com/in/sophiedevonshire/","industry_org","Hi Sophie — we're running Indvstry Power House at Cannes Lions, a private villa with daily shuttles, AV studio and no-pitch policy. Hosting a private dinner 23 Jun for senior leaders. Also running fringe event RSVP concierge. Worth connecting.","Hi Sophie,

We are running Indvstry Power House during Cannes Lions week — a private villa with daily shuttles to La Croisette, content facilities, and a no-pitch policy.

Given your work at The Marketing Society and your presence at the festival, we think the space could be genuinely useful — whether for a private meeting, a recorded conversation or simply a proper base away from the Palais.

We are also hosting a private Diaspora Dinner on Tuesday 23rd June — a small, curated group of senior leaders, entirely off the official schedule.

And with 2,500+ fringe events happening that week, we are running a concierge RSVP service for guests — we handle the registrations so you do not miss the ones that matter.

Happy to share more.

Amber Jacobs | Community Manager, Indvstry Clvb"
"Dame Carolyn McCall","Dame","President","The Marketing Society","https://www.linkedin.com/in/carolynmccall/","industry_org","Hi Dame — we're running Indvstry Power House at Cannes Lions, a private villa with daily shuttles, AV studio and no-pitch policy. Hosting a private dinner 23 Jun for senior leaders. Also running fringe event RSVP concierge. Worth connecting.","Hi Dame,

We are running Indvstry Power House during Cannes Lions week — a private villa with daily shuttles to La Croisette, content facilities, and a no-pitch policy.

Given your work at The Marketing Society and your presence at the festival, we think the space could be genuinely useful — whether for a private meeting, a recorded conversation or simply a proper base away from the Palais.

We are also hosting a private Diaspora Dinner on Tuesday 23rd June — a small, curated group of senior leaders, entirely off the official schedule.

And with 2,500+ fringe events happening that week, we are running a concierge RSVP service for guests — we handle the registrations so you do not miss the ones that matter.

Happy to share more.

Amber Jacobs | Community Manager, Indvstry Clvb"
"Sarah Woodley","Sarah","Chief Commercial Officer","The Marketing Society","https://www.linkedin.com/in/sarah-woodley-b677a216/","industry_org","Hi Sarah — we're running Indvstry Power House at Cannes Lions, a private villa with daily shuttles, AV studio and no-pitch policy. Hosting a private dinner 23 Jun for senior leaders. Also running fringe event RSVP concierge. Worth connecting.","Hi Sarah,

We are running Indvstry Power House during Cannes Lions week — a private villa with daily shuttles to La Croisette, content facilities, and a no-pitch policy.

Given your work at The Marketing Society and your presence at the festival, we think the space could be genuinely useful — whether for a private meeting, a recorded conversation or simply a proper base away from the Palais.

We are also hosting a private Diaspora Dinner on Tuesday 23rd June — a small, curated group of senior leaders, entirely off the official schedule.

And with 2,500+ fringe events happening that week, we are running a concierge RSVP service for guests — we handle the registrations so you do not miss the ones that matter.

Happy to share more.

Amber Jacobs | Community Manager, Indvstry Clvb"
"Paul Coxhill","Paul","CEO","WARC","https://www.linkedin.com/in/paulcoxhill/","industry_org","Hi Paul — we're running Indvstry Power House at Cannes Lions, a private villa with daily shuttles, AV studio and no-pitch policy. Hosting a private dinner 23 Jun for senior leaders. Also running fringe event RSVP concierge. Worth connecting.","Hi Paul,

We are running Indvstry Power House during Cannes Lions week — a private villa with daily shuttles to La Croisette, content facilities, and a no-pitch policy.

Given your work at WARC and your presence at the festival, we think the space could be genuinely useful — whether for a private meeting, a recorded conversation or simply a proper base away from the Palais.

We are also hosting a private Diaspora Dinner on Tuesday 23rd June — a small, curated group of senior leaders, entirely off the official schedule.

And with 2,500+ fringe events happening that week, we are running a concierge RSVP service for guests — we handle the registrations so you do not miss the ones that matter.

Happy to share more.

Amber Jacobs | Community Manager, Indvstry Clvb"
"Ben Page","Ben","Global CEO","Ipsos","https://www.linkedin.com/in/benpage/","industry_org","Hi Ben — we're running Indvstry Power House at Cannes Lions, a private villa with daily shuttles, AV studio and no-pitch policy. Hosting a private dinner 23 Jun for senior leaders. Also running fringe event RSVP concierge. Worth connecting.","Hi Ben,

We are running Indvstry Power House during Cannes Lions week — a private villa with daily shuttles to La Croisette, content facilities, and a no-pitch policy.

Given your work at Ipsos and your presence at the festival, we think the space could be genuinely useful — whether for a private meeting, a recorded conversation or simply a proper base away from the Palais.

We are also hosting a private Diaspora Dinner on Tuesday 23rd June — a small, curated group of senior leaders, entirely off the official schedule.

And with 2,500+ fringe events happening that week, we are running a concierge RSVP service for guests — we handle the registrations so you do not miss the ones that matter.

Happy to share more.

Amber Jacobs | Community Manager, Indvstry Clvb"
"Guillaume Charles","Guillaume","Managing Director of Programs","M6","https://www.linkedin.com/in/guillaume-charles-0b89a81/","industry_org","Hi Guillaume — we're running Indvstry Power House at Cannes Lions, a private villa with daily shuttles, AV studio and no-pitch policy. Hosting a private dinner 23 Jun for senior leaders. Also running fringe event RSVP concierge. Worth connecting.","Hi Guillaume,

We are running Indvstry Power House during Cannes Lions week — a private villa with daily shuttles to La Croisette, content facilities, and a no-pitch policy.

Given your work at M6 and your presence at the festival, we think the space could be genuinely useful — whether for a private meeting, a recorded conversation or simply a proper base away from the Palais.

We are also hosting a private Diaspora Dinner on Tuesday 23rd June — a small, curated group of senior leaders, entirely off the official schedule.

And with 2,500+ fringe events happening that week, we are running a concierge RSVP service for guests — we handle the registrations so you do not miss the ones that matter.

Happy to share more.

Amber Jacobs | Community Manager, Indvstry Clvb"
"Michele Benzeno","Michele","Managing Director","Webedia","https://www.linkedin.com/in/michelebenzeno/","industry_org","Hi Michele — we're running Indvstry Power House at Cannes Lions, a private villa with daily shuttles, AV studio and no-pitch policy. Hosting a private dinner 23 Jun for senior leaders. Also running fringe event RSVP concierge. Worth connecting.","Hi Michele,

We are running Indvstry Power House during Cannes Lions week — a private villa with daily shuttles to La Croisette, content facilities, and a no-pitch policy.

Given your work at Webedia and your presence at the festival, we think the space could be genuinely useful — whether for a private meeting, a recorded conversation or simply a proper base away from the Palais.

We are also hosting a private Diaspora Dinner on Tuesday 23rd June — a small, curated group of senior leaders, entirely off the official schedule.

And with 2,500+ fringe events happening that week, we are running a concierge RSVP service for guests — we handle the registrations so you do not miss the ones that matter.

Happy to share more.

Amber Jacobs | Community Manager, Indvstry Clvb"
"Kelly Brown","Kelly","Lead Director & Master Artist","Portrait Media Group","https://www.linkedin.com/in/kellybrownonline/","industry_org","Hi Kelly — we're running Indvstry Power House at Cannes Lions, a private villa with daily shuttles, AV studio and no-pitch policy. Hosting a private dinner 23 Jun for senior leaders. Also running fringe event RSVP concierge. Worth connecting.","Hi Kelly,

We are running Indvstry Power House during Cannes Lions week — a private villa with daily shuttles to La Croisette, content facilities, and a no-pitch policy.

Given your work at Portrait Media Group and your presence at the festival, we think the space could be genuinely useful — whether for a private meeting, a recorded conversation or simply a proper base away from the Palais.

We are also hosting a private Diaspora Dinner on Tuesday 23rd June — a small, curated group of senior leaders, entirely off the official schedule.

And with 2,500+ fringe events happening that week, we are running a concierge RSVP service for guests — we handle the registrations so you do not miss the ones that matter.

Happy to share more.

Amber Jacobs | Community Manager, Indvstry Clvb"
"Marcy Levitas Hamilton","Marcy","Co-Founder & CEO","Tricoast Media","https://www.linkedin.com/in/marcy-levitas-hamilton-7a46511/","industry_org","Hi Marcy — we're running Indvstry Power House at Cannes Lions, a private villa with daily shuttles, AV studio and no-pitch policy. Hosting a private dinner 23 Jun for senior leaders. Also running fringe event RSVP concierge. Worth connecting.","Hi Marcy,

We are running Indvstry Power House during Cannes Lions week — a private villa with daily shuttles to La Croisette, content facilities, and a no-pitch policy.

Given your work at Tricoast Media and your presence at the festival, we think the space could be genuinely useful — whether for a private meeting, a recorded conversation or simply a proper base away from the Palais.

We are also hosting a private Diaspora Dinner on Tuesday 23rd June — a small, curated group of senior leaders, entirely off the official schedule.

And with 2,500+ fringe events happening that week, we are running a concierge RSVP service for guests — we handle the registrations so you do not miss the ones that matter.

Happy to share more.

Amber Jacobs | Community Manager, Indvstry Clvb"
"Jasmine Dawson","Jasmine","SVP, Digital Strategy & Content","BBC Studios","https://www.linkedin.com/in/jasmine-dawson-67846513/","media_publisher","Hi Jasmine — running Indvstry Power House at Cannes Lions, a private villa with AV studio and no-pitch policy. Great for interviews, recordings and private briefings. Private dinner 23 Jun + fringe event RSVP service for guests.","Hi Jasmine,

We are running Indvstry Power House during Cannes Lions week — a private villa with dedicated AV and content facilities, daily shuttles to La Croisette, and a no-pitch policy.

For media and publishing leaders at the festival, the space works well as a quiet studio environment — interviews, recordings, private briefings — away from the noise of the Palais and the Croisette.

We are also hosting a private Diaspora Dinner on 23rd June for a small group of senior creative and media leaders.

And a useful extra: we run a fringe event RSVP concierge for guests — with 2,500+ events that week, we handle the registrations so you do not miss the ones worth attending.

Happy to share more.

Amber Jacobs | Community Manager, Indvstry Clvb"
"Penny Brough","Penny","Chief Marketing Officer","BBC Studios","https://www.linkedin.com/in/penny-brough-4437291/","media_publisher","Hi Penny — running Indvstry Power House at Cannes Lions, a private villa with AV studio and no-pitch policy. Great for interviews, recordings and private briefings. Private dinner 23 Jun + fringe event RSVP service for guests.","Hi Penny,

We are running Indvstry Power House during Cannes Lions week — a private villa with dedicated AV and content facilities, daily shuttles to La Croisette, and a no-pitch policy.

For media and publishing leaders at the festival, the space works well as a quiet studio environment — interviews, recordings, private briefings — away from the noise of the Palais and the Croisette.

We are also hosting a private Diaspora Dinner on 23rd June for a small group of senior creative and media leaders.

And a useful extra: we run a fringe event RSVP concierge for guests — with 2,500+ events that week, we handle the registrations so you do not miss the ones worth attending.

Happy to share more.

Amber Jacobs | Community Manager, Indvstry Clvb"
"Scarlett Sieber","Scarlett","Chief Strategy and Growth Officer","Money 20/20 Europe","https://www.linkedin.com/in/scarlettsieber/","industry_org","Hi Scarlett — we're running Indvstry Power House at Cannes Lions, a private villa with daily shuttles, AV studio and no-pitch policy. Hosting a private dinner 23 Jun for senior leaders. Also running fringe event RSVP concierge. Worth connecting.","Hi Scarlett,

We are running Indvstry Power House during Cannes Lions week — a private villa with daily shuttles to La Croisette, content facilities, and a no-pitch policy.

Given your work at Money 20/20 Europe and your presence at the festival, we think the space could be genuinely useful — whether for a private meeting, a recorded conversation or simply a proper base away from the Palais.

We are also hosting a private Diaspora Dinner on Tuesday 23rd June — a small, curated group of senior leaders, entirely off the official schedule.

And with 2,500+ fringe events happening that week, we are running a concierge RSVP service for guests — we handle the registrations so you do not miss the ones that matter.

Happy to share more.

Amber Jacobs | Community Manager, Indvstry Clvb"
"Jean-Louis Salfati","Jean-Louis","Managing Director","Palais des Festivals","https://www.linkedin.com/in/jean-louis-salfati-74b834/","industry_org","Hi Jean-Louis — we're running Indvstry Power House at Cannes Lions, a private villa with daily shuttles, AV studio and no-pitch policy. Hosting a private dinner 23 Jun for senior leaders. Also running fringe event RSVP concierge. Worth connecting.","Hi Jean-Louis,

We are running Indvstry Power House during Cannes Lions week — a private villa with daily shuttles to La Croisette, content facilities, and a no-pitch policy.

Given your work at Palais des Festivals and your presence at the festival, we think the space could be genuinely useful — whether for a private meeting, a recorded conversation or simply a proper base away from the Palais.

We are also hosting a private Diaspora Dinner on Tuesday 23rd June — a small, curated group of senior leaders, entirely off the official schedule.

And with 2,500+ fringe events happening that week, we are running a concierge RSVP service for guests — we handle the registrations so you do not miss the ones that matter.

Happy to share more.

Amber Jacobs | Community Manager, Indvstry Clvb"
"Trista Kelley","Trista","Editor in Chief","DL News","https://www.linkedin.com/in/tristakelley/","media_publisher","Hi Trista — running Indvstry Power House at Cannes Lions, a private villa with AV studio and no-pitch policy. Great for interviews, recordings and private briefings. Private dinner 23 Jun + fringe event RSVP service for guests.","Hi Trista,

We are running Indvstry Power House during Cannes Lions week — a private villa with dedicated AV and content facilities, daily shuttles to La Croisette, and a no-pitch policy.

For media and publishing leaders at the festival, the space works well as a quiet studio environment — interviews, recordings, private briefings — away from the noise of the Palais and the Croisette.

We are also hosting a private Diaspora Dinner on 23rd June for a small group of senior creative and media leaders.

And a useful extra: we run a fringe event RSVP concierge for guests — with 2,500+ events that week, we handle the registrations so you do not miss the ones worth attending.

Happy to share more.

Amber Jacobs | Community Manager, Indvstry Clvb"
"Larry Cermak","Larry","CEO","The Block","https://www.linkedin.com/in/larry-cermak-225301147/","media_publisher","Hi Larry — running Indvstry Power House at Cannes Lions, a private villa with AV studio and no-pitch policy. Great for interviews, recordings and private briefings. Private dinner 23 Jun + fringe event RSVP service for guests.","Hi Larry,

We are running Indvstry Power House during Cannes Lions week — a private villa with dedicated AV and content facilities, daily shuttles to La Croisette, and a no-pitch policy.

For media and publishing leaders at the festival, the space works well as a quiet studio environment — interviews, recordings, private briefings — away from the noise of the Palais and the Croisette.

We are also hosting a private Diaspora Dinner on 23rd June for a small group of senior creative and media leaders.

And a useful extra: we run a fringe event RSVP concierge for guests — with 2,500+ events that week, we handle the registrations so you do not miss the ones worth attending.

Happy to share more.

Amber Jacobs | Community Manager, Indvstry Clvb"
"Alena Afanaseva","Alena","CEO & Founder","BeInCrypto","https://www.linkedin.com/in/alenaafanaseva/","media_publisher","Hi Alena — running Indvstry Power House at Cannes Lions, a private villa with AV studio and no-pitch policy. Great for interviews, recordings and private briefings. Private dinner 23 Jun + fringe event RSVP service for guests.","Hi Alena,

We are running Indvstry Power House during Cannes Lions week — a private villa with dedicated AV and content facilities, daily shuttles to La Croisette, and a no-pitch policy.

For media and publishing leaders at the festival, the space works well as a quiet studio environment — interviews, recordings, private briefings — away from the noise of the Palais and the Croisette.

We are also hosting a private Diaspora Dinner on 23rd June for a small group of senior creative and media leaders.

And a useful extra: we run a fringe event RSVP concierge for guests — with 2,500+ events that week, we handle the registrations so you do not miss the ones worth attending.

Happy to share more.

Amber Jacobs | Community Manager, Indvstry Clvb"
"Ivo Georgiev","Ivo","CEO","Ambire","https://www.linkedin.com/in/ivogeorgiev/","crypto_web3","Hi Ivo — we're running Indvstry Power House during Cannes Lions week, a private villa with daily shuttles, no-pitch policy and AV facilities. A quiet base for private meetings and conversations during a very loud week. Worth connecting.","Hi Ivo,

We are running Indvstry Power House during Cannes Lions week — a private villa with daily shuttles to La Croisette, AV facilities, and a strict no-pitch policy.

Cannes is a genuinely useful moment for the Web3 and crypto space — a lot of the major brand and media decision-makers are in one place. The villa gives you a quiet, neutral venue for private conversations and small briefings away from the official event chaos.

We are also hosting a private Diaspora Dinner on 23rd June — a small, senior group across tech, creative and brand — and running a fringe event RSVP concierge for guests.

Happy to share more if it is useful.

Amber Jacobs | Community Manager, Indvstry Clvb"
"Hugh Karp","Hugh","Founder","Nexus Mutual","https://www.linkedin.com/in/hugh-karp-3882771/","crypto_web3","Hi Hugh — we're running Indvstry Power House during Cannes Lions week, a private villa with daily shuttles, no-pitch policy and AV facilities. A quiet base for private meetings and conversations during a very loud week. Worth connecting.","Hi Hugh,

We are running Indvstry Power House during Cannes Lions week — a private villa with daily shuttles to La Croisette, AV facilities, and a strict no-pitch policy.

Cannes is a genuinely useful moment for the Web3 and crypto space — a lot of the major brand and media decision-makers are in one place. The villa gives you a quiet, neutral venue for private conversations and small briefings away from the official event chaos.

We are also hosting a private Diaspora Dinner on 23rd June — a small, senior group across tech, creative and brand — and running a fringe event RSVP concierge for guests.

Happy to share more if it is useful.

Amber Jacobs | Community Manager, Indvstry Clvb"
"Jernej Kos","Jernej","Director, Oasis Foundation","Oasis Protocol","https://www.linkedin.com/in/jernejkos/","crypto_web3","Hi Jernej — we're running Indvstry Power House during Cannes Lions week, a private villa with daily shuttles, no-pitch policy and AV facilities. A quiet base for private meetings and conversations during a very loud week. Worth connecting.","Hi Jernej,

We are running Indvstry Power House during Cannes Lions week — a private villa with daily shuttles to La Croisette, AV facilities, and a strict no-pitch policy.

Cannes is a genuinely useful moment for the Web3 and crypto space — a lot of the major brand and media decision-makers are in one place. The villa gives you a quiet, neutral venue for private conversations and small briefings away from the official event chaos.

We are also hosting a private Diaspora Dinner on 23rd June — a small, senior group across tech, creative and brand — and running a fringe event RSVP concierge for guests.

Happy to share more if it is useful.

Amber Jacobs | Community Manager, Indvstry Clvb"
"Maksim Balashevich","Maksim","Founder & CEO","Santiment","https://www.linkedin.com/in/balashevich/","crypto_web3","Hi Maksim — we're running Indvstry Power House during Cannes Lions week, a private villa with daily shuttles, no-pitch policy and AV facilities. A quiet base for private meetings and conversations during a very loud week. Worth connecting.","Hi Maksim,

We are running Indvstry Power House during Cannes Lions week — a private villa with daily shuttles to La Croisette, AV facilities, and a strict no-pitch policy.

Cannes is a genuinely useful moment for the Web3 and crypto space — a lot of the major brand and media decision-makers are in one place. The villa gives you a quiet, neutral venue for private conversations and small briefings away from the official event chaos.

We are also hosting a private Diaspora Dinner on 23rd June — a small, senior group across tech, creative and brand — and running a fringe event RSVP concierge for guests.

Happy to share more if it is useful.

Amber Jacobs | Community Manager, Indvstry Clvb"
"Jon Stephens","Jon","CEO & Co-Founder","Veridise","https://www.linkedin.com/in/jon-stephens-76a08611/","crypto_web3","Hi Jon — we're running Indvstry Power House during Cannes Lions week, a private villa with daily shuttles, no-pitch policy and AV facilities. A quiet base for private meetings and conversations during a very loud week. Worth connecting.","Hi Jon,

We are running Indvstry Power House during Cannes Lions week — a private villa with daily shuttles to La Croisette, AV facilities, and a strict no-pitch policy.

Cannes is a genuinely useful moment for the Web3 and crypto space — a lot of the major brand and media decision-makers are in one place. The villa gives you a quiet, neutral venue for private conversations and small briefings away from the official event chaos.

We are also hosting a private Diaspora Dinner on 23rd June — a small, senior group across tech, creative and brand — and running a fringe event RSVP concierge for guests.

Happy to share more if it is useful.

Amber Jacobs | Community Manager, Indvstry Clvb"
"Yaniv Tal","Yaniv","Co-Founder","The Graph","https://www.linkedin.com/in/yanivtal/","crypto_web3","Hi Yaniv — we're running Indvstry Power House during Cannes Lions week, a private villa with daily shuttles, no-pitch policy and AV facilities. A quiet base for private meetings and conversations during a very loud week. Worth connecting.","Hi Yaniv,

We are running Indvstry Power House during Cannes Lions week — a private villa with daily shuttles to La Croisette, AV facilities, and a strict no-pitch policy.

Cannes is a genuinely useful moment for the Web3 and crypto space — a lot of the major brand and media decision-makers are in one place. The villa gives you a quiet, neutral venue for private conversations and small briefings away from the official event chaos.

We are also hosting a private Diaspora Dinner on 23rd June — a small, senior group across tech, creative and brand — and running a fringe event RSVP concierge for guests.

Happy to share more if it is useful.

Amber Jacobs | Community Manager, Indvstry Clvb"
"Brian Retford","Brian","CEO & Co-Founder","RISC Zero","https://www.linkedin.com/in/bretford/","crypto_web3","Hi Brian — we're running Indvstry Power House during Cannes Lions week, a private villa with daily shuttles, no-pitch policy and AV facilities. A quiet base for private meetings and conversations during a very loud week. Worth connecting.","Hi Brian,

We are running Indvstry Power House during Cannes Lions week — a private villa with daily shuttles to La Croisette, AV facilities, and a strict no-pitch policy.

Cannes is a genuinely useful moment for the Web3 and crypto space — a lot of the major brand and media decision-makers are in one place. The villa gives you a quiet, neutral venue for private conversations and small briefings away from the official event chaos.

We are also hosting a private Diaspora Dinner on 23rd June — a small, senior group across tech, creative and brand — and running a fringe event RSVP concierge for guests.

Happy to share more if it is useful.

Amber Jacobs | Community Manager, Indvstry Clvb"
"Paul Hauner","Paul","Co-Founder","Sigma Prime","https://www.linkedin.com/in/paulhauner/","crypto_web3","Hi Paul — we're running Indvstry Power House during Cannes Lions week, a private villa with daily shuttles, no-pitch policy and AV facilities. A quiet base for private meetings and conversations during a very loud week. Worth connecting.","Hi Paul,

We are running Indvstry Power House during Cannes Lions week — a private villa with daily shuttles to La Croisette, AV facilities, and a strict no-pitch policy.

Cannes is a genuinely useful moment for the Web3 and crypto space — a lot of the major brand and media decision-makers are in one place. The villa gives you a quiet, neutral venue for private conversations and small briefings away from the official event chaos.

We are also hosting a private Diaspora Dinner on 23rd June — a small, senior group across tech, creative and brand — and running a fringe event RSVP concierge for guests.

Happy to share more if it is useful.

Amber Jacobs | Community Manager, Indvstry Clvb"
"Yara Merz","Yara","CEO","Cropr","https://www.linkedin.com/in/yara-merz/","crypto_web3","Hi Yara — we're running Indvstry Power House during Cannes Lions week, a private villa with daily shuttles, no-pitch policy and AV facilities. A quiet base for private meetings and conversations during a very loud week. Worth connecting.","Hi Yara,

We are running Indvstry Power House during Cannes Lions week — a private villa with daily shuttles to La Croisette, AV facilities, and a strict no-pitch policy.

Cannes is a genuinely useful moment for the Web3 and crypto space — a lot of the major brand and media decision-makers are in one place. The villa gives you a quiet, neutral venue for private conversations and small briefings away from the official event chaos.

We are also hosting a private Diaspora Dinner on 23rd June — a small, senior group across tech, creative and brand — and running a fringe event RSVP concierge for guests.

Happy to share more if it is useful.

Amber Jacobs | Community Manager, Indvstry Clvb"
"Lucas Lecocq","Lucas","President","Kryptosphere","https://www.linkedin.com/in/lucaslecocq/","crypto_web3","Hi Lucas — we're running Indvstry Power House during Cannes Lions week, a private villa with daily shuttles, no-pitch policy and AV facilities. A quiet base for private meetings and conversations during a very loud week. Worth connecting.","Hi Lucas,

We are running Indvstry Power House during Cannes Lions week — a private villa with daily shuttles to La Croisette, AV facilities, and a strict no-pitch policy.

Cannes is a genuinely useful moment for the Web3 and crypto space — a lot of the major brand and media decision-makers are in one place. The villa gives you a quiet, neutral venue for private conversations and small briefings away from the official event chaos.

We are also hosting a private Diaspora Dinner on 23rd June — a small, senior group across tech, creative and brand — and running a fringe event RSVP concierge for guests.

Happy to share more if it is useful.

Amber Jacobs | Community Manager, Indvstry Clvb"
"Philipp Sandner","Philipp","Founder","DLT Talents","https://www.linkedin.com/in/philippsandner/","crypto_web3","Hi Philipp — we're running Indvstry Power House during Cannes Lions week, a private villa with daily shuttles, no-pitch policy and AV facilities. A quiet base for private meetings and conversations during a very loud week. Worth connecting.","Hi Philipp,

We are running Indvstry Power House during Cannes Lions week — a private villa with daily shuttles to La Croisette, AV facilities, and a strict no-pitch policy.

Cannes is a genuinely useful moment for the Web3 and crypto space — a lot of the major brand and media decision-makers are in one place. The villa gives you a quiet, neutral venue for private conversations and small briefings away from the official event chaos.

We are also hosting a private Diaspora Dinner on 23rd June — a small, senior group across tech, creative and brand — and running a fringe event RSVP concierge for guests.

Happy to share more if it is useful.

Amber Jacobs | Community Manager, Indvstry Clvb"
"Robert Stevens","Robert","Lead Researcher","DL Research","https://www.linkedin.com/in/robert-stevens-crypto/","crypto_web3","Hi Robert — we're running Indvstry Power House during Cannes Lions week, a private villa with daily shuttles, no-pitch policy and AV facilities. A quiet base for private meetings and conversations during a very loud week. Worth connecting.","Hi Robert,

We are running Indvstry Power House during Cannes Lions week — a private villa with daily shuttles to La Croisette, AV facilities, and a strict no-pitch policy.

Cannes is a genuinely useful moment for the Web3 and crypto space — a lot of the major brand and media decision-makers are in one place. The villa gives you a quiet, neutral venue for private conversations and small briefings away from the official event chaos.

We are also hosting a private Diaspora Dinner on 23rd June — a small, senior group across tech, creative and brand — and running a fringe event RSVP concierge for guests.

Happy to share more if it is useful.

Amber Jacobs | Community Manager, Indvstry Clvb"
"Jonas Borchgrevink","Jonas","Director","CCN.com","https://www.linkedin.com/in/jonasborchgrevink/","crypto_web3","Hi Jonas — we're running Indvstry Power House during Cannes Lions week, a private villa with daily shuttles, no-pitch policy and AV facilities. A quiet base for private meetings and conversations during a very loud week. Worth connecting.","Hi Jonas,

We are running Indvstry Power House during Cannes Lions week — a private villa with daily shuttles to La Croisette, AV facilities, and a strict no-pitch policy.

Cannes is a genuinely useful moment for the Web3 and crypto space — a lot of the major brand and media decision-makers are in one place. The villa gives you a quiet, neutral venue for private conversations and small briefings away from the official event chaos.

We are also hosting a private Diaspora Dinner on 23rd June — a small, senior group across tech, creative and brand — and running a fringe event RSVP concierge for guests.

Happy to share more if it is useful.

Amber Jacobs | Community Manager, Indvstry Clvb"